keys_per_min,avg_pause_sec,error_rate,task_duration_sec,interaction_variance,session_length_min,user_id
236.4,0.7419999999999999,0.039400000000000004,340.26666666666665,0.4,66.33333333333333,0.0
236.26666666666668,0.8320000000000001,0.033400000000000006,348.4,0.36000000000000004,66.33333333333333,1.0
237.0,0.8033333333333332,0.0328,345.2,0.38199999999999995,66.33333333333333,2.0
237.53333333333333,0.8039999999999999,0.03806666666666667,350.3333333333333,0.4020000000000001,66.33333333333333,3.0
235.86666666666667,0.9053333333333332,0.0396,346.26666666666665,0.324,66.33333333333333,4.0
236.6,0.7866666666666667,0.036199999999999996,354.06666666666666,0.414,66.33333333333333,5.0
238.2,0.7720000000000001,0.03486666666666667,345.93333333333334,0.36666666666666664,66.33333333333333,6.0
235.4,0.7460000000000001,0.03473333333333333,339.53333333333336,0.34800000000000003,66.33333333333333,7.0
236.0,0.8420000000000001,0.0332,336.8,0.35466666666666663,66.33333333333333,8.0
238.46666666666667,0.7493333333333333,0.03326666666666667,345.8666666666667,0.3520000000000001,66.33333333333333,9.0
234.26666666666668,0.796,0.032466666666666665,338.2,0.4106666666666667,66.33333333333333,10.0
239.06666666666666,0.7493333333333332,0.03526666666666667,345.6,0.4020000000000001,66.33333333333333,11.0
241.06666666666666,0.8033333333333333,0.033933333333333336,350.8,0.36666666666666664,66.33333333333333,12.0
236.4,0.77,0.04053333333333333,323.8666666666667,0.3466666666666667,66.33333333333333,13.0
232.26666666666668,0.7719999999999999,0.03793333333333333,345.46666666666664,0.3266666666666666,66.33333333333333,14.0
233.53333333333333,0.8119999999999997,0.03553333333333334,348.93333333333334,0.39466666666666667,66.33333333333333,15.0
234.06666666666666,0.7220000000000001,0.036133333333333344,350.46666666666664,0.3533333333333334,66.33333333333333,16.0
241.4,0.8226666666666667,0.033933333333333336,330.73333333333335,0.37533333333333335,66.33333333333333,17.0
231.4,0.7533333333333333,0.03246666666666667,346.73333333333335,0.3493333333333334,66.33333333333333,18.0
240.86666666666667,0.8153333333333335,0.03986666666666667,341.8666666666667,0.398,66.33333333333333,19.0
