app_name,category
code.exe,Development
vscode.exe,Development
code - insiders.exe,Development
pycharm.exe,Development
intellij.exe,Development
eclipse.exe,Development
androidstudio.exe,Development
notepad++.exe,Productivity
notepad.exe,Productivity
excel.exe,Productivity
word.exe,Productivity
powerpoint.exe,Productivity
obsidian.exe,Productivity

chrome.exe,Browsing
msedge.exe,Browsing
firefox.exe,Browsing
brave.exe,Browsing

youtube.exe,Entertainment
spotify.exe,Entertainment
vlc.exe,Entertainment
netflix.exe,Entertainment

photoshop.exe,Editing
photoshop.exe,Editing
premiere.exe,Editing
aftereffects.exe,Editing
illustrator.exe,Editing
gimp.exe,Editing
blender.exe,Editing
canva.exe,Editing

zoom.exe,Communication
teams.exe,Communication
discord.exe,Communication
slack.exe,Communication
skype.exe,Communication
whatsapp.exe,Communication

steam.exe,Gaming
epicgameslauncher.exe,Gaming
valorant.exe,Gaming
minecraft.exe,Gaming

cmd.exe,Utilities
powershell.exe,Utilities
taskmgr.exe,Utilities
explorer.exe,Utilities

paytm.exe,Finance
gpay.exe,Finance
phonepe.exe,Finance
amazon.exe,Shopping
