timestamp,fatigue_score,fatigue_momentum
2026-02-16 21:51:43,0,0.4
2026-02-16 21:51:43,0,0.8
2026-02-16 21:51:43,0,1.2
2026-02-16 21:51:43,0,1.6
2026-02-16 21:51:43,0,2.0
2026-02-16 21:51:44,0,2.4
2026-02-16 21:51:44,0,2.8
2026-02-16 21:51:44,0,3.2
2026-02-16 21:51:44,0,3.6
2026-02-16 21:51:44,0,4.0
2026-02-16 21:51:44,0,4.4
2026-02-16 21:51:44,0,4.8
2026-02-16 21:51:44,0,5.2
2026-02-16 21:51:44,0,5.6
2026-02-16 21:51:44,0,6.0
2026-02-16 21:51:44,0,6.4
2026-02-16 21:51:44,0,6.8
2026-02-16 21:51:44,0,7.2
2026-02-16 21:51:44,0,7.6
2026-02-16 21:51:44,0,8.0
2026-02-16 21:51:44,0,8.4
2026-02-16 21:51:44,0,8.8
2026-02-16 21:51:44,0,9.2
2026-02-16 21:51:44,0,9.6
2026-02-16 21:51:44,0,10.0
2026-02-16 21:51:44,0,10.4
2026-02-16 21:51:44,0,10.8
2026-02-16 21:51:44,0,11.2
2026-02-16 21:51:44,0,11.6
2026-02-16 21:51:44,0,12.0
2026-02-16 21:51:44,0,12.4
2026-02-16 21:51:44,0,12.8
2026-02-16 21:51:44,0,13.2
2026-02-16 21:51:44,0,13.6
2026-02-16 21:51:44,0,14.0
2026-02-16 21:51:45,0,14.4
2026-02-16 21:51:45,0,14.8
2026-02-16 21:51:45,0,15
2026-02-16 21:51:45,0,15
2026-02-16 21:51:45,0,15
2026-02-16 21:51:45,0,15
2026-02-16 21:51:45,0,15
2026-02-16 21:51:45,0,15
2026-02-16 21:51:45,0,15
2026-02-16 21:51:45,0,15
2026-02-16 21:51:45,0,15
2026-02-16 21:51:45,0,15
2026-02-16 21:51:45,0,15
2026-02-16 21:51:45,0,15
2026-02-16 21:51:45,0,15
2026-02-16 21:51:45,0,15
2026-02-16 21:51:45,0,15
2026-02-16 21:51:45,0,15
2026-02-16 21:51:45,0,15
2026-02-16 21:51:45,0,15
2026-02-16 21:51:45,0,15
2026-02-16 21:51:45,0,15
2026-02-16 21:51:45,0,15
2026-02-16 21:51:45,0,15
2026-02-16 21:51:45,0,15
2026-02-16 21:52:09,0,0.4
2026-02-16 21:52:09,0,0.8
2026-02-16 21:52:09,0,1.2
2026-02-16 21:52:09,0,1.6
2026-02-16 21:52:09,0,2.0
2026-02-16 21:52:09,0,2.4
2026-02-16 21:52:09,0,2.8
2026-02-16 21:52:09,0,3.2
2026-02-16 21:52:09,0,3.6
2026-02-16 21:52:09,0,4.0
2026-02-16 21:52:09,0,4.4
2026-02-16 21:52:09,0,4.8
2026-02-16 21:52:09,0,5.2
2026-02-16 21:52:09,0,5.6
2026-02-16 21:52:09,0,6.0
2026-02-16 21:52:09,0,6.4
2026-02-16 21:52:09,0,6.8
2026-02-16 21:52:09,0,7.2
2026-02-16 21:52:09,0,7.6
2026-02-16 21:52:09,0,8.0
2026-02-16 21:52:09,0,8.4
2026-02-16 21:52:09,0,8.8
2026-02-16 21:52:09,0,9.2
2026-02-16 21:52:09,0,9.6
2026-02-16 21:52:09,0,10.0
2026-02-16 21:52:09,0,10.4
2026-02-16 21:52:09,0,10.8
2026-02-16 21:52:09,0,11.2
2026-02-16 21:52:09,0,11.6
2026-02-16 21:52:10,0,12.0
2026-02-16 21:52:10,0,12.4
2026-02-16 21:52:10,0,12.8
2026-02-16 21:52:10,0,13.2
2026-02-16 21:52:10,0,13.6
2026-02-16 21:52:10,0,14.0
2026-02-16 21:52:10,0,14.4
2026-02-16 21:52:10,0,14.8
2026-02-16 21:52:10,0,15
2026-02-16 21:52:10,0,15
2026-02-16 21:52:10,0,15
2026-02-16 21:52:10,0,15
2026-02-16 21:52:10,0,15
2026-02-16 21:52:10,0,15
2026-02-16 21:52:10,0,15
2026-02-16 21:52:10,0,15
2026-02-16 21:52:10,0,15
2026-02-16 21:52:10,0,15
2026-02-16 21:52:10,0,15
2026-02-16 21:52:10,0,15
2026-02-16 21:52:10,0,15
2026-02-16 21:52:10,0,15
2026-02-16 21:52:10,0,15
2026-02-16 21:52:10,0,15
2026-02-16 21:52:10,0,15
2026-02-16 21:52:10,0,15
2026-02-16 21:52:10,0,15
2026-02-16 21:52:10,0,15
2026-02-16 21:52:10,0,15
2026-02-16 21:52:10,0,15
2026-02-16 21:52:10,0,15
2026-02-16 21:53:46,0,0.4
2026-02-16 21:53:46,0,0.8
2026-02-16 21:53:46,0,1.2
2026-02-16 21:53:46,0,1.6
2026-02-16 21:53:46,0,2.0
2026-02-16 21:53:46,0,2.4
2026-02-16 21:53:46,0,2.8
2026-02-16 21:53:46,0,3.2
2026-02-16 21:53:46,0,3.6
2026-02-16 21:53:46,0,4.0
2026-02-16 21:53:46,0,4.4
2026-02-16 21:53:46,0,4.8
2026-02-16 21:53:46,0,5.2
2026-02-16 21:53:46,0,5.6
2026-02-16 21:53:46,0,6.0
2026-02-16 21:53:46,0,6.4
2026-02-16 21:53:46,0,6.8
2026-02-16 21:53:46,0,7.2
2026-02-16 21:53:46,0,7.6
2026-02-16 21:53:46,0,8.0
2026-02-16 21:53:47,0,8.4
2026-02-16 21:53:47,0,8.8
2026-02-16 21:53:47,0,9.2
2026-02-16 21:53:47,0,9.6
2026-02-16 21:53:47,0,10.0
2026-02-16 21:53:47,0,10.4
2026-02-16 21:53:47,0,10.8
2026-02-16 21:53:47,0,11.2
2026-02-16 21:53:47,0,11.6
2026-02-16 21:53:47,0,12.0
2026-02-16 21:53:47,0,12.4
2026-02-16 21:53:47,0,12.8
2026-02-16 21:53:47,0,13.2
2026-02-16 21:53:47,0,13.6
2026-02-16 21:53:47,0,14.0
2026-02-16 21:53:47,0,14.4
2026-02-16 21:53:47,0,14.8
2026-02-16 21:53:47,0,15
2026-02-16 21:53:47,0,15
2026-02-16 21:53:47,0,15
2026-02-16 21:53:47,0,15
2026-02-16 21:53:47,0,15
2026-02-16 21:53:47,0,15
2026-02-16 21:53:47,0,15
2026-02-16 21:53:47,0,15
2026-02-16 21:53:47,0,15
2026-02-16 21:53:47,0,15
2026-02-16 21:53:47,0,15
2026-02-16 21:53:47,0,15
2026-02-16 21:53:47,0,15
2026-02-16 21:53:47,0,15
2026-02-16 21:53:47,0,15
2026-02-16 21:53:47,0,15
2026-02-16 21:53:47,0,15
2026-02-16 21:53:48,0,15
2026-02-16 21:53:48,0,15
2026-02-16 21:53:48,0,15
2026-02-16 21:53:48,0,15
2026-02-16 21:53:48,0,15
2026-02-16 21:53:48,0,15
2026-02-16 21:58:16,3.64,0.4
2026-02-16 21:58:16,3.64,0.8
2026-02-16 21:58:16,3.64,1.2
2026-02-16 21:58:16,3.64,1.6
2026-02-16 21:58:16,3.64,2.0
2026-02-16 21:58:16,3.64,2.4
2026-02-16 21:58:16,3.64,2.8
2026-02-16 21:58:16,3.64,3.2
2026-02-16 21:58:16,3.64,3.6
2026-02-16 21:58:16,3.64,4.0
2026-02-16 21:58:24,3.64,0.4
2026-02-16 21:58:24,3.64,0.8
2026-02-16 21:58:24,3.64,1.2
2026-02-16 21:58:24,3.64,1.6
2026-02-16 21:58:24,3.64,2.0
2026-02-16 21:58:24,3.64,2.4
2026-02-16 21:58:24,3.64,2.8
2026-02-16 21:58:24,3.64,3.2
2026-02-16 21:58:24,3.64,3.6
2026-02-16 21:58:24,3.64,4.0
2026-03-05 09:32:17,0,4.4
2026-03-05 09:32:27,0,4.8
2026-03-05 12:48:34,0,5.2
2026-03-05 12:48:44,0,5.6
2026-03-05 19:23:39,0,6.0
2026-03-05 19:23:49,0,6.4
2026-03-05 19:23:59,0,6.8
2026-03-05 19:24:09,0,7.2
2026-03-05 19:24:19,0,7.6
2026-03-05 19:24:30,0,8.0
2026-03-05 19:24:40,0,8.4
2026-03-05 19:24:50,0,8.8
2026-03-07 17:18:29,0,9.2
2026-03-07 17:18:39,0,9.6
2026-03-07 17:18:50,0,10.0
2026-03-07 17:19:00,0,10.4
2026-03-07 17:19:10,0,10.8
2026-03-07 17:19:20,0,11.2
2026-03-07 17:19:30,0,11.6
2026-03-07 17:19:40,0,12.0
2026-03-07 17:19:50,0,12.4
2026-03-07 17:20:00,0,12.8
2026-03-07 17:20:10,0,13.2
2026-03-07 17:20:20,0,13.6
2026-03-07 17:20:30,0,14.0
2026-03-07 17:20:40,0,14.4
2026-03-07 17:20:50,0,14.8
2026-03-07 17:21:00,0,15
2026-03-07 17:21:10,0,15
2026-03-07 17:21:20,0,15
2026-03-07 17:21:30,0,15
2026-03-07 17:21:40,0,15
2026-03-07 17:21:50,0,15
2026-03-07 17:22:01,0,15
2026-03-07 17:22:11,0,15
2026-03-07 17:22:21,0,15
2026-03-07 17:22:31,0,15
2026-03-07 17:22:41,0,15
2026-03-07 17:22:51,0,15
2026-03-07 17:23:01,0,15
2026-03-07 17:23:11,0,15
2026-03-07 17:23:21,0,15
2026-03-07 17:23:31,0,15
2026-03-07 17:23:41,0,15
2026-03-07 17:23:51,0,15
2026-03-07 17:24:01,0,15
2026-03-07 17:24:11,0,15
2026-03-07 17:24:21,0,15
2026-03-07 17:24:31,0,15
2026-03-07 17:24:41,0,15
2026-03-07 17:24:51,0,15
2026-03-07 17:25:01,0,15
2026-03-07 17:25:11,0,15
2026-03-07 17:25:21,0,15
2026-03-07 17:25:31,0,15
2026-03-07 17:25:41,0,15
2026-03-07 17:25:51,0,15
2026-03-07 17:26:01,0,15
2026-03-07 17:26:11,0,15
2026-03-07 17:26:21,0,15
2026-03-07 17:26:31,0,15
2026-03-07 17:26:41,0,15
2026-03-07 17:26:51,0,15
2026-03-07 17:27:01,0,15
2026-03-07 17:27:11,0,15
2026-03-07 17:27:21,0,15
2026-03-07 17:27:31,0,15
2026-03-07 17:27:41,0,15
2026-03-07 17:27:51,0,15
2026-03-07 17:28:01,0,15
2026-03-07 17:28:11,0,15
2026-03-07 17:28:21,0,15
2026-03-07 17:28:31,0,15
2026-03-07 17:28:41,0,15
2026-03-07 17:28:51,0,15
2026-03-07 17:29:01,0,15
2026-03-07 17:29:11,0,15
2026-03-07 17:29:21,0,15
2026-03-07 17:29:31,0,15
2026-03-07 17:29:41,0,15
2026-03-07 17:29:51,0,15
2026-03-07 17:30:02,0,15
2026-03-07 17:30:12,0,15
2026-03-07 17:30:22,0,15
2026-03-07 17:30:32,0,15
2026-03-07 17:30:42,0,15
2026-03-07 17:30:52,0,15
2026-03-07 17:31:02,0,15
2026-03-07 17:31:12,0,15
2026-03-07 17:31:22,0,15
2026-03-07 17:31:32,0,15
2026-03-07 17:31:42,0,15
2026-03-07 17:31:52,0,15
2026-03-07 17:32:02,0,15
2026-03-07 17:32:12,0,15
2026-03-07 17:32:22,0,15
2026-03-07 17:32:32,0,15
2026-03-07 17:32:42,0,15
2026-03-07 17:32:52,0,15
2026-03-07 17:33:02,0,15
2026-03-07 17:33:12,0,15
2026-03-07 17:33:22,0,15
2026-03-07 17:33:32,0,15
2026-03-07 17:33:42,0,15
2026-03-07 17:33:52,0,15
2026-03-07 17:34:03,0,15
2026-03-07 17:34:13,0,15
2026-03-07 17:34:23,0,15
2026-03-07 17:57:43,0,15
2026-03-07 19:44:22,0,15
2026-03-07 20:28:23,0,0.4
2026-03-07 20:28:28,0,0.4
2026-03-07 20:28:33,0,0.4
2026-03-07 20:28:38,0,0.4
2026-03-07 20:28:43,0,0.4
2026-03-07 20:28:48,0,0.4
2026-03-07 20:28:53,0,0.4
2026-03-07 20:28:58,0,0.4
2026-03-07 20:29:03,0,0.4
2026-03-07 20:29:08,0,0.4
2026-03-07 20:29:13,0,0.4
2026-03-07 20:29:18,0,0.4
2026-03-07 20:29:23,0,0
2026-03-07 20:29:28,0,0
2026-03-07 20:29:33,0,0
2026-03-07 20:29:38,0,0.4
2026-03-07 20:29:43,0,0.4
2026-03-07 20:29:48,0,0.4
2026-03-07 20:29:53,0,0
2026-03-07 20:29:58,0,0
2026-03-07 20:30:03,0,0
2026-03-07 20:30:08,0,0.4
2026-03-07 20:30:13,0,0.4
2026-03-07 20:30:18,0,0.4
2026-03-07 20:30:23,0,0.4
2026-03-07 20:30:28,0,0
2026-03-07 20:30:33,0,0
2026-03-07 20:30:38,0,0
2026-03-07 20:30:43,0,0
2026-03-07 20:30:48,0,0
2026-03-07 20:30:53,0,0
2026-03-07 20:30:58,0,0
2026-03-07 20:31:03,0,0
2026-03-07 20:36:54,0,0
2026-03-07 20:36:59,0,0
2026-03-07 20:37:04,0,0
2026-03-07 20:37:09,0,0
2026-03-07 20:37:14,0,0
2026-03-07 20:37:19,0,0
2026-03-07 20:37:24,0,0
2026-03-07 20:37:29,0,0
2026-03-07 20:37:34,0,0
2026-03-07 20:37:39,0,0
2026-03-07 20:37:44,0,0
2026-03-07 20:37:49,0,0
2026-03-07 20:37:54,0,0
2026-03-07 20:37:59,0,0
2026-03-07 20:38:04,0,0
2026-03-07 20:38:09,0,0
2026-03-07 20:47:37,0,0
2026-03-07 20:47:42,0,0
2026-03-07 20:47:47,0,0
2026-03-07 20:47:52,0,0
2026-03-07 20:47:57,0,0
2026-03-07 20:48:02,0,0
2026-03-07 20:48:07,0,0
2026-03-07 20:49:17,0,0
2026-03-07 20:49:22,0,0
2026-03-07 20:49:27,0,0
2026-03-07 20:49:32,0,0
2026-03-07 20:49:37,0,0
2026-03-07 20:49:42,0,0
2026-03-07 20:49:47,0,0
2026-03-07 20:49:52,0,0
2026-03-07 20:49:57,0,0
2026-03-07 20:50:02,0,0
2026-03-07 20:50:07,0,0
2026-03-07 20:50:12,0,0
2026-03-07 20:50:17,0,0
2026-03-07 20:50:22,0,0
2026-03-07 20:50:27,0,0
2026-03-07 20:50:32,0,0
2026-03-07 20:50:37,0,0
2026-03-07 20:50:42,0,0
2026-03-07 20:50:47,0,0
2026-03-07 20:50:52,0,0
2026-03-07 20:50:57,0,0
2026-03-14 11:34:50,0,0.4
2026-03-17 20:13:10,0,0.4
2026-03-17 20:14:10,0,0.8
2026-03-20 21:28:17,0,0.4
2026-04-02 16:10:25,0,0.4
2026-04-11 13:47:24,0,0.4
2026-04-17 19:02:15,0,0.4
2026-04-23 19:50:11,0,0.4
2026-04-24 22:39:54,0,0.4
2026-04-24 22:40:04,0,0.8
2026-04-24 22:40:14,0,1.2
2026-04-26 16:29:51,0,0.4
2026-04-28 20:58:45,0,0.4
2026-04-28 20:58:55,0,0.8
2026-04-28 20:59:05,0,1.2
2026-04-28 21:08:58,0,0.4
2026-04-28 21:09:08,0,0.8
2026-04-28 21:09:18,0,1.2
2026-04-28 21:09:28,0,1.6
2026-04-28 21:15:50,0,0.4
2026-04-28 21:16:00,0,0.8
2026-04-28 21:16:10,0,1.2
2026-04-29 10:28:55,0,0.4
2026-04-29 10:29:05,0,0.8
2026-04-29 10:29:15,0,1.2
2026-05-02 12:31:47,0,0
2026-05-02 12:31:52,0.65,0.4
2026-05-02 12:31:57,0.65,0.4
2026-05-02 12:32:02,0,0.4
2026-05-02 12:32:52,0.65,0.4
2026-05-02 12:33:07,0.66,0.7
2026-05-02 12:33:17,0,1.0
2026-05-02 12:33:22,0,1.3
2026-05-02 12:33:32,0,1.6
2026-05-02 12:33:37,0,1.9
2026-05-02 12:33:42,0,2.2
2026-05-02 12:33:47,0,2.5
2026-05-02 12:34:07,0,2.8
2026-05-02 12:34:12,0.73,3.5
2026-05-02 12:34:22,0,3.8
2026-05-02 12:34:32,0,4.1
2026-05-02 12:36:47,0,4.4
2026-05-02 12:36:57,0,5.1
2026-05-02 12:37:02,0,5.8
2026-05-02 12:37:07,0,6.5
2026-05-02 12:37:12,0,6.8
2026-05-02 12:37:27,0,7.5
2026-05-02 12:37:32,0,7.8
2026-05-02 12:37:42,0,8.5
2026-05-02 12:37:47,0,9.2
2026-05-02 12:38:12,0,9.5
2026-05-02 12:38:32,0,10.2
2026-05-02 12:38:42,0,10.9
2026-05-02 12:38:47,0,11.6
2026-05-02 12:38:52,0,12.3
2026-05-02 12:38:57,0,13.0
2026-05-02 12:39:12,0,13.7
2026-05-02 12:39:38,0,14.4
2026-05-02 12:42:23,0,15
2026-05-02 12:42:28,0,15
2026-05-02 12:42:38,0,15
2026-05-02 12:42:53,0,15
2026-05-02 12:43:48,0,15
2026-05-02 14:23:33,0,0.4
2026-05-02 14:24:28,0.89,0.4
2026-05-02 14:24:33,0.91,0.8
2026-05-02 14:24:38,0.91,0.8
2026-05-02 14:24:43,0.93,1.5
2026-05-02 14:24:48,0,1.8
2026-05-02 14:24:53,0,2.1
2026-05-02 14:25:08,0,2.4
2026-05-02 14:25:13,0,2.7
2026-05-02 14:25:44,0,3.0
2026-05-02 14:25:49,0,3.7
2026-05-02 14:25:54,0,4.0
2026-05-02 19:24:54,0,0.4
2026-05-02 19:25:09,0.81,0.4
2026-05-02 19:25:14,0.81,0.4
2026-05-02 19:25:19,0.81,0.4
2026-05-02 19:25:24,0.82,0.7
2026-05-02 19:27:39,0.86,1.4
2026-05-02 19:27:54,0.85,1.7
2026-05-02 19:27:59,0.88,2.4
2026-05-02 19:28:04,0.89,2.7
2026-05-02 19:28:09,0.91,3.4
2026-05-02 19:34:24,0,0.4
2026-05-02 19:35:29,0.81,0.4
2026-05-02 20:04:47,0,0.4
2026-05-02 20:06:02,0.81,0.4
2026-05-02 20:06:12,0,0.4
2026-05-02 20:06:22,0,0.4
2026-05-02 20:06:27,0.83,0.8
2026-05-02 20:06:42,0,0.8
2026-05-02 20:10:17,0,0.8
2026-05-02 20:34:36,0,0.4
2026-05-02 20:35:41,0.81,0.4
2026-05-02 20:50:04,0,0.4
2026-05-02 20:54:39,0.83,0.4
2026-05-02 20:54:59,0.83,0.8
2026-05-02 20:58:38,0,0.4
2026-05-02 20:59:33,0.81,0.4
2026-05-02 20:59:48,0.83,0.8
2026-05-02 21:15:27,0,0.4
2026-05-02 21:15:42,1.06,0.4
2026-05-02 21:19:06,0,0.4
2026-05-02 21:19:21,1.06,0.4
2026-05-02 21:19:26,0,0.4
2026-05-02 21:48:31,0,0.4
2026-05-02 21:48:41,1.06,0.4
2026-05-02 21:49:56,1.07,0.8
2026-05-02 21:50:01,0,1.2
2026-05-02 21:50:37,0,1.6
2026-05-02 21:50:41,0,0.4
2026-05-02 21:51:06,1.06,0.4
2026-05-02 21:51:07,1.11,1.6
2026-05-02 21:51:12,1.14,2.3
2026-05-02 21:51:17,0,2.6
2026-05-02 21:54:52,0,3.3
2026-05-02 21:55:23,0,0.4
2026-05-02 21:57:19,1.06,0.4
2026-05-03 12:23:31,0,0.4
2026-05-03 12:26:46,0.66,0.4
2026-05-03 12:44:19,0,0.4
2026-05-03 12:45:09,0.65,0.4
2026-05-03 12:46:24,0.66,0.8
2026-05-03 12:46:29,0,1.2
2026-05-03 12:48:05,0.01,1.6
2026-05-03 12:48:06,0,0.4
2026-05-03 12:48:20,0.68,1.6
2026-05-03 12:48:21,0.65,0.4
2026-05-03 12:49:06,0.66,0.8
2026-05-03 12:49:11,0,1.2
2026-05-03 12:50:00,0.71,2.3
2026-05-03 12:50:01,0,1.6
2026-05-03 12:50:01,0,0.4
2026-05-03 12:50:11,0.68,1.6
2026-05-03 12:50:12,0.65,0.4
2026-05-03 12:50:16,0,1.6
2026-05-03 12:52:06,0.71,2.3
2026-05-03 12:52:09,0,0.4
2026-05-03 12:54:59,0.66,0.4
2026-05-03 12:55:01,0.72,2.6
2026-05-03 12:55:09,0.65,0.4
2026-05-03 12:55:34,0.65,0.4
2026-05-03 12:55:39,0.66,0.7
2026-05-03 13:12:34,0.02,0.4
2026-05-03 13:12:39,0,0.8
2026-05-03 13:13:19,0,1.2
2026-05-03 13:13:24,0,1.6
2026-05-03 13:15:49,0.02,2.0
2026-05-03 14:01:13,0,0.4
2026-05-03 14:01:33,0.89,0.4
2026-05-03 14:01:43,0.91,0.8
2026-05-03 14:01:48,0.91,0.8
2026-05-03 14:01:52,0,0.4
2026-05-03 14:02:02,0.89,0.4
2026-05-03 14:02:03,0,0.8
2026-05-03 14:02:17,0.91,0.8
2026-05-03 14:02:18,0.93,1.5
2026-05-03 14:02:42,0,0.8
2026-05-03 14:02:47,0,1.5
2026-05-03 14:03:07,0,1.8
2026-05-03 14:03:12,0,2.5
2026-05-03 14:03:17,0,2.8
2026-05-03 14:03:18,0,1.8
2026-05-03 14:03:27,0,3.5
2026-05-03 14:03:29,0,2.5
2026-05-03 14:03:42,0,4.2
2026-05-03 14:03:44,0,3.2
2026-05-03 14:03:52,0,4.5
2026-05-03 14:03:54,0,3.5
2026-05-03 14:04:42,0,5.2
2026-05-03 14:04:44,0,4.2
2026-05-03 14:04:49,0,4.5
2026-05-03 14:04:52,0,5.5
2026-05-03 14:04:57,0,6.2
2026-05-03 14:04:59,0,5.2
2026-05-03 14:05:04,0,5.5
2026-05-03 14:05:07,0,6.5
2026-05-03 14:05:09,0,6.2
2026-05-03 14:05:12,0,7.2
2026-05-03 14:05:27,0,7.9
2026-05-03 14:05:29,0,6.9
2026-05-03 14:05:39,0,7.6
2026-05-03 14:05:42,0,8.6
2026-05-03 14:05:44,0,8.3
2026-05-03 14:05:52,0,8.9
2026-05-03 14:05:54,0,8.6
2026-05-03 14:05:57,0,9.6
2026-05-03 14:05:59,0,9.3
2026-05-03 14:06:07,0,9.9
2026-05-03 14:06:09,0,9.6
2026-05-03 14:06:12,0,10.6
2026-05-03 14:06:17,0,11.3
2026-05-03 14:06:32,0,12.0
2026-05-03 14:06:47,0,12.3
2026-05-03 14:09:44,0,0.4
2026-05-03 14:10:04,0.89,0.4
2026-05-03 14:10:09,0.91,0.8
2026-05-03 14:10:19,0.91,0.8
2026-05-03 14:10:24,0,0.8
2026-05-03 14:10:29,0,0.8
2026-05-03 14:10:34,0,0.8
2026-05-03 14:10:39,0.93,1.5
2026-05-03 14:10:44,0,1.8
2026-05-03 14:11:24,0,2.5
2026-05-03 14:11:34,0,2.8
2026-05-03 14:11:44,0,3.5
2026-05-03 14:11:54,0,3.8
2026-05-03 14:12:04,0,4.5
2026-05-03 14:12:24,0,4.8
2026-05-03 14:12:29,0,5.1
2026-05-03 14:12:34,0,5.8
2026-05-03 14:12:44,0,6.1
2026-05-03 14:13:03,0,0.4
2026-05-03 14:13:04,0,6.8
2026-05-03 14:13:23,0,0.8
2026-05-03 14:13:24,0,7.5
2026-05-03 14:13:29,0,8.2
2026-05-03 14:13:38,0,1.2
2026-05-03 14:13:40,0,8.9
2026-05-03 14:13:48,0,1.6
2026-05-03 14:13:50,0,9.6
2026-05-03 14:13:51,0,0.4
2026-05-03 14:14:03,0.94,1.6
2026-05-03 14:14:05,0,9.9
2026-05-03 14:14:07,0.89,0.4
2026-05-03 14:14:10,0,10.2
2026-05-03 14:14:12,0.91,0.8
2026-05-03 14:14:13,0.95,2.0
2026-05-03 14:14:15,0,10.5
2026-05-03 14:14:17,0,0.8
2026-05-03 14:14:18,0,2.0
2026-05-03 14:14:28,0,2.0
2026-05-03 14:14:30,0,10.8
2026-05-03 14:14:32,0,0.8
2026-05-03 14:16:12,0,0.8
2026-05-03 14:16:13,0,2.0
2026-05-03 14:16:15,0,11.1
2026-05-03 14:16:33,0,2.7
2026-05-03 14:16:37,0,1.5
2026-05-03 14:16:47,0,1.8
2026-05-03 14:16:48,0,3.0
2026-05-03 14:17:02,0,2.5
2026-05-03 14:17:03,0,3.7
2026-05-03 14:17:22,0,2.8
2026-05-03 14:17:23,0,4.0
2026-05-03 14:17:27,0,3.1
2026-05-03 14:17:32,0,3.8
2026-05-03 14:17:33,0,4.7
2026-05-03 14:17:47,0,4.1
2026-05-03 14:17:49,0,5.0
2026-05-03 14:18:27,0,4.8
2026-05-03 14:18:37,0,5.5
2026-05-03 14:18:42,0,6.2
2026-05-03 14:18:52,0,6.9
2026-05-03 14:21:51,0,0.4
2026-05-03 14:22:06,0.89,0.4
2026-05-03 14:22:21,0.91,0.8
2026-05-03 14:22:26,0.91,0.8
2026-05-03 14:23:11,0.92,1.1
2026-05-03 14:23:56,0.94,1.8
2026-05-03 14:24:56,0,2.5
2026-05-03 14:25:11,0,3.2
2026-05-03 14:26:51,0.02,3.9
2026-05-03 14:54:55,0,0.4
2026-05-03 14:55:40,0.89,0.4
2026-05-03 14:55:45,0.91,0.8
2026-05-03 14:58:55,0,0.8
2026-05-03 14:59:10,0,1.5
2026-05-03 14:59:40,0,1.8
2026-05-03 15:00:10,0,2.5
2026-05-03 16:39:10,0,0
2026-05-03 16:39:15,0.81,0.4
2026-05-03 16:39:35,0.81,0.4
2026-05-03 16:40:07,0,0.4
2026-05-03 16:41:07,0.81,0.4
2026-05-03 16:48:34,0,0.4
2026-05-03 16:49:04,0.81,0.4
2026-05-03 16:52:05,0,0.4
2026-05-03 16:52:15,0.81,0.4
2026-05-03 16:55:35,0.85,0.8
2026-05-03 16:56:25,0,0.8
2026-05-03 16:57:10,0,1.5
2026-05-03 17:12:31,0,0.4
2026-05-03 17:13:16,0.81,0.4
2026-05-03 17:13:21,0.83,0.8
2026-05-03 17:20:31,0,0.8
2026-05-03 17:25:48,0,0.4
2026-05-03 17:25:59,0.81,0.4
2026-05-03 17:26:09,0.83,0.8
2026-05-03 17:26:14,0,0.8
2026-05-03 17:26:36,0,0.4
2026-05-03 17:27:06,0.81,0.4
2026-05-03 17:27:21,0.83,0.8
2026-05-03 17:27:26,0.83,0.8
2026-05-03 17:27:41,0,0.8
2026-05-03 17:27:51,0,0.8
2026-05-03 17:28:06,0,0.8
2026-05-03 17:28:21,0.84,1.1
2026-05-03 17:28:41,0.84,1.4
2026-05-03 17:28:47,0.85,1.7
2026-05-03 17:30:47,0.89,2.4
2026-05-03 17:30:48,0,0.4
2026-05-03 17:30:52,0.89,2.7
2026-05-03 17:30:53,0.81,0.4
2026-05-03 17:35:57,1.0,3.4
2026-05-03 17:35:58,0.91,0.8
2026-05-03 17:36:01,0,0.4
2026-05-03 17:36:26,0.81,0.4
2026-05-03 17:39:29,0,0.4
2026-05-03 17:39:34,0.81,0.4
2026-05-03 17:43:06,0,0.4
2026-05-03 17:43:21,0.81,0.4
2026-05-03 17:43:26,0.83,0.8
2026-05-03 17:43:31,0.83,0.8
2026-05-03 17:46:41,0.85,1.1
2026-05-03 17:50:51,0.92,1.8
2026-05-03 17:56:44,0,0.4
2026-05-03 17:57:49,0.81,0.4
2026-05-03 17:58:20,0,0.4
2026-05-03 17:58:30,0.81,0.4
2026-05-03 17:58:35,0,0.4
2026-05-03 17:58:45,0,0.4
2026-05-03 17:59:25,0,0.4
2026-05-03 17:59:30,0,0.4
2026-05-03 17:59:55,0,0.4
2026-05-03 18:00:00,0,0.4
2026-05-03 18:00:05,0,0.4
2026-05-03 18:00:10,0,0.4
2026-05-03 18:00:15,0,0.4
2026-05-03 18:00:25,0.83,0.8
2026-05-03 18:00:30,0,0.8
2026-05-03 18:00:50,0,0.8
2026-05-03 18:01:05,0,0.8
2026-05-03 18:01:20,0,1.5
2026-05-03 18:04:00,0,1.8
2026-05-03 18:22:34,0,0.4
2026-05-03 18:22:49,0.81,0.4
2026-05-03 18:22:59,0.83,0.8
2026-05-03 18:23:04,0.83,0.8
2026-05-04 09:48:50,0,0.4
2026-05-04 09:49:40,0.65,0.4
2026-05-05 12:21:18,0,0.4
2026-05-05 12:22:03,0,0.8
2026-05-05 12:22:18,0,0.8
2026-05-05 12:22:33,0,1.2
2026-05-05 12:22:36,0,0.4
2026-05-05 12:22:48,0,1.2
2026-05-05 12:22:51,0.65,0.4
2026-05-05 12:22:56,0,0.4
2026-05-05 12:23:13,0,1.9
2026-05-05 12:23:33,0,2.2
2026-05-05 12:25:19,0,2.9
2026-05-05 12:28:48,0,0.4
2026-05-05 12:28:49,0,3.6
2026-05-05 12:29:23,0.65,0.4
2026-05-05 12:31:13,0.67,0.8
2026-05-05 12:31:18,0,1.2
2026-05-05 12:31:23,0,1.6
2026-05-05 12:32:03,0,2.0
2026-05-05 12:32:06,0,0.4
2026-05-05 12:32:23,0.69,2.0
2026-05-05 12:32:26,0.65,0.4
2026-05-05 12:33:52,0.66,0.8
2026-05-05 12:33:54,0.72,2.7
2026-05-05 12:34:22,0.66,0.8
2026-05-05 12:36:57,0,0.4
2026-05-05 12:36:57,0.69,1.5
2026-05-05 12:37:12,0.65,0.4
2026-05-05 12:37:12,0.69,1.8
2026-05-05 12:37:42,0.66,0.8
2026-05-05 12:37:42,0,0.4
2026-05-05 12:38:12,0.66,0.8
2026-05-05 12:38:12,0.65,0.4
2026-05-05 12:40:12,0.69,1.5
2026-05-05 12:40:12,0,0.4
2026-05-05 12:40:12,0.67,0.8
2026-05-05 12:40:52,0.69,1.8
2026-05-05 12:40:52,0.65,0.4
2026-05-05 12:40:52,0.66,0.8
2026-05-05 12:44:32,0.71,2.1
2026-05-05 12:44:32,0.66,0.4
2026-05-05 12:44:32,0.68,1.1
2026-05-05 12:44:37,0.66,0.8
2026-05-05 12:44:42,0.67,1.1
2026-05-05 12:45:32,0.68,1.4
2026-05-05 12:47:53,0,0
2026-05-05 12:48:08,0,0
2026-05-05 12:48:13,0.65,0.4
2026-05-05 12:48:23,0.65,0.4
2026-05-05 12:48:43,0.65,0.4
2026-05-05 12:48:48,0.66,0.7
2026-05-05 12:49:58,0.68,1.4
2026-05-05 12:50:03,0,2.1
2026-05-05 12:50:08,0,2.8
2026-05-05 12:51:53,0.01,3.5
2026-05-05 12:51:53,0,0.4
2026-05-05 12:52:53,0.74,3.8
2026-05-05 12:52:53,0.65,0.4
2026-05-05 12:53:19,0.66,0.8
2026-05-05 12:53:39,0.66,0.8
2026-05-05 12:54:24,0.68,1.5
2026-05-05 12:54:28,0,0.4
2026-05-05 12:55:13,0.65,0.4
2026-05-05 12:55:14,0.69,1.8
2026-05-05 12:55:33,0.66,0.8
2026-05-05 12:55:34,0.7,2.5
2026-05-05 12:55:53,0,0.8
2026-05-05 12:55:54,0,2.8
2026-05-05 12:56:59,0,3.5
2026-05-05 12:57:03,0,1.5
2026-05-05 12:57:08,0,2.2
2026-05-05 12:58:28,0,2.9
2026-05-05 12:58:38,0,3.2
2026-05-05 13:01:48,0,3.5
2026-05-05 13:12:47,0,0
2026-05-05 13:12:57,0.89,0.4
2026-05-05 13:17:02,0,0.4
2026-05-05 13:17:17,0,0.8
2026-05-05 13:17:22,0,1.2
2026-05-05 13:20:56,0,0.4
2026-05-05 13:28:58,0,0.4
2026-05-05 13:29:13,0.89,0.4
2026-05-05 14:00:41,0,0
2026-05-05 14:01:11,0.89,0.4
2026-05-05 14:01:21,0,0.4
2026-05-05 14:01:26,0,0.8
2026-05-05 14:01:41,0,1.1
2026-05-05 14:01:56,0,1.8
2026-05-05 14:02:01,0,2.1
2026-05-05 14:02:06,0,2.8
2026-05-05 14:02:11,0,3.5
2026-05-05 14:02:16,0,4.2
2026-05-05 14:03:11,0,4.5
2026-05-05 14:03:16,0,5.2
2026-05-05 19:51:11,0,0.4
2026-05-05 19:51:21,0,0.4
2026-05-05 19:51:46,0,0.8
2026-05-05 19:51:51,0,1.2
2026-05-05 19:52:26,0,1.6
2026-05-05 20:26:47,0,0.4
2026-05-05 20:26:52,0.81,0.4
2026-05-05 20:26:57,0.83,0.8
2026-05-05 20:27:17,0.83,0.8
2026-05-05 20:27:32,0,0.8
2026-05-05 20:27:47,0,0.8
2026-05-05 20:27:57,0,0.8
2026-05-05 20:28:02,0,0.8
2026-05-05 20:28:07,0,0.8
2026-05-05 20:28:27,0,0.8
2026-05-05 20:28:32,0,0.8
2026-05-05 20:28:37,0,0.8
2026-05-05 20:28:47,0,0.8
2026-05-05 20:54:31,0,0.4
2026-05-05 20:55:01,0.81,0.4
2026-05-05 20:55:11,0,0.4
2026-05-05 20:55:16,0,0.4
2026-05-05 20:55:31,0,0.4
2026-05-05 20:55:36,0,0.4
2026-05-05 20:56:06,0,0.4
2026-05-05 20:56:11,0,0.4
2026-05-05 20:58:21,0,0.4
2026-05-05 21:21:30,0,0.4
2026-05-05 22:13:42,0,0
2026-05-05 22:36:54,0,0
2026-05-05 22:41:13,0,0
2026-05-05 22:41:18,0,0
2026-05-05 22:41:33,0,0
2026-05-05 22:41:48,0,0
2026-05-05 22:48:18,1.09,0
2026-05-05 22:56:56,0,0
2026-05-05 22:57:06,0,0
2026-05-05 22:58:36,0,0
2026-05-05 22:59:02,0,0
2026-05-05 22:59:12,0,0
2026-05-05 23:01:23,0,0
2026-05-05 23:01:28,0,0
2026-05-05 23:01:33,0,0
2026-05-05 23:01:38,0,0
2026-05-05 23:01:48,0,0
2026-05-05 23:01:53,0,0
2026-05-05 23:01:58,0,0
2026-05-05 23:02:03,0,0
2026-05-05 23:02:08,0,0
2026-05-05 23:02:18,0,0
2026-05-05 23:02:38,0,0
2026-05-05 23:02:43,0,0
2026-05-05 23:02:53,0,0
2026-05-05 23:03:08,0,0
2026-05-05 23:03:13,0,0
2026-05-05 23:03:38,0,0
2026-05-05 23:06:59,0,0
2026-05-05 23:07:24,0,0
2026-05-05 23:07:39,0,0
2026-05-05 23:07:44,0,0
2026-05-05 23:10:29,0.02,0
2026-05-05 23:10:34,0,0
2026-05-05 23:11:04,0,0
2026-05-05 23:13:54,0.02,0
2026-05-05 23:13:59,0,0
2026-05-05 23:14:09,1.04,0
2026-05-05 23:14:24,1.04,0
2026-05-05 23:14:34,0,0
2026-05-05 23:15:09,0,0
2026-05-05 23:15:14,0,0
2026-05-05 23:15:24,0,0
2026-05-05 23:15:34,0,0
2026-05-05 23:15:49,0,0
2026-05-05 23:15:54,0,0
2026-05-05 23:15:59,0,0
2026-05-06 13:05:19,0,0
2026-05-06 13:07:09,0,0
2026-05-06 13:07:14,0,0
2026-05-06 13:14:44,0.94,0
2026-05-06 13:27:46,0,0
2026-05-06 13:29:31,0,0
2026-05-06 13:29:36,0,0
2026-05-06 13:29:41,0,0
2026-05-06 13:29:46,0,0
2026-05-06 13:30:01,0,0
2026-05-06 13:30:06,0,0
2026-05-06 13:30:51,0,0
2026-05-06 13:30:56,0,0
2026-05-06 13:31:01,0,0
2026-05-06 13:31:06,0,0
2026-05-06 13:31:17,0,0
2026-05-06 13:31:22,0,0
2026-05-06 13:31:27,0,0
2026-05-06 13:31:37,0,0
2026-05-06 13:31:47,0,0
2026-05-06 13:31:57,0,0
2026-05-06 13:32:02,0,0
2026-05-06 13:32:07,0.88,0
2026-05-06 13:32:27,0,0
2026-05-06 13:32:32,0,0
2026-05-06 13:32:57,0.88,0
2026-05-06 13:53:40,0,0
2026-05-06 13:55:29,0,0
2026-05-06 13:56:19,0,0
2026-05-06 13:56:24,0,0
2026-05-06 13:56:29,0,0
2026-05-06 13:56:39,0,0
2026-05-06 13:56:49,0,0
2026-05-06 13:56:54,0,0
2026-05-06 13:57:14,0,0
2026-05-06 13:57:29,0,0
2026-05-06 13:57:39,0,0
2026-05-06 13:57:44,0,0
2026-05-06 13:57:55,0,0
2026-05-06 13:58:00,0,0
2026-05-06 13:58:20,0,0
2026-05-06 13:58:25,0,0
2026-05-06 13:58:30,0,0
2026-05-06 13:58:35,0,0
2026-05-06 13:58:45,0,0
2026-05-06 13:58:50,0,0
2026-05-06 13:58:55,0,0
2026-05-06 13:59:00,0,0
2026-05-06 13:59:35,0.88,0
2026-05-06 13:59:50,0,0
2026-05-06 14:05:00,0.03,0
2026-05-06 14:11:16,0,0
2026-05-06 14:14:30,0,0
2026-05-06 14:15:00,0,0
2026-05-06 14:18:05,0.02,0
2026-05-06 14:18:09,0,0
2026-05-06 14:18:25,0,0
2026-05-06 14:18:45,0,0
2026-05-06 14:18:50,0,0
2026-05-06 14:19:36,0,0
2026-05-06 14:20:16,0,0
2026-05-06 14:24:06,0.02,0
2026-05-06 14:24:09,0,0
2026-05-06 14:25:16,0,0
2026-05-06 14:25:19,0,0
2026-05-06 14:25:29,0,0
2026-05-06 14:25:49,0,0
2026-05-06 14:27:04,0,0
2026-05-06 14:27:08,0,0
2026-05-06 14:28:18,0,0
2026-05-06 14:28:23,0,0
2026-05-06 14:28:28,0,0
2026-05-06 14:28:29,0,0
2026-05-06 14:28:34,0,0
2026-05-06 14:28:38,0,0
2026-05-06 14:28:39,0,0
2026-05-06 14:28:44,0,0
2026-05-06 14:28:48,0,0
2026-05-06 14:28:49,0,0
2026-05-06 14:28:53,0,0
2026-05-06 14:28:54,0,0
2026-05-06 14:29:00,0,0
2026-05-06 14:29:03,0,0
2026-05-06 14:29:08,0,0
2026-05-06 14:29:10,0,0
2026-05-06 14:29:18,0,0
2026-05-06 14:29:23,0,0
2026-05-06 14:29:44,0,0
2026-05-06 14:29:49,0,0
2026-05-06 14:29:59,0,0
2026-05-06 14:30:04,0,0
2026-05-06 14:30:09,0,0
2026-05-06 14:30:14,0,0
2026-05-06 14:30:34,0.88,0
2026-05-06 14:30:54,0,0
2026-05-06 14:35:04,0.02,0
2026-05-06 14:56:56,0,0.4
2026-05-06 14:57:31,0.89,0.4
2026-05-06 15:00:29,0,0.4
2026-05-06 15:03:04,0.89,0.4
2026-05-06 15:03:09,0,0.4
2026-05-06 15:05:25,0,0.4
2026-05-12 19:41:11,0,0.4
2026-05-12 19:42:06,0.81,0.4
2026-05-12 19:42:16,0,0.4
2026-05-12 19:42:31,0,0.4
2026-05-12 19:42:36,0,0.4
2026-05-12 19:42:41,0,0.4
2026-05-12 19:42:46,0,0.4
2026-05-12 19:43:01,0,0.4
2026-05-12 19:43:06,0,0.4
2026-05-12 19:43:26,0,0.4
2026-05-12 19:43:31,0,0.4
2026-05-12 19:44:16,0,0.4
2026-05-12 19:44:21,0,0.4
2026-05-12 19:44:26,0,0.4
2026-05-12 19:44:31,0,0.4
2026-05-12 19:44:36,0,0.4
2026-05-12 19:44:41,0,0.4
2026-05-12 19:44:47,0,0.4
2026-05-12 19:44:52,0,0.4
2026-05-12 19:45:07,0,0.4
2026-05-12 19:45:27,0,0.4
2026-05-12 19:45:32,0,0.4
2026-05-12 19:45:37,0,0.4
2026-05-20 14:35:26,0,0
2026-05-20 14:35:31,0,0
2026-05-20 14:35:41,0.89,0.4
2026-05-20 14:36:36,0.89,0.4
2026-05-20 14:36:56,0,0.4
2026-05-20 14:40:01,0.02,0.4
2026-05-20 14:40:07,0,0.4
2026-05-20 14:40:27,0,0.4
