timestamp,raw_app_name,app_display_name,category,duration_sec,detection_method
2026-02-04 19:40:26,Code.exe,VS Code,Development,5,REGISTRY
2026-02-04 19:40:31,Code.exe,VS Code,Development,5,REGISTRY
2026-02-04 19:40:36,Code.exe,VS Code,Development,5,REGISTRY
2026-02-04 19:40:41,Code.exe,VS Code,Development,5,REGISTRY
2026-02-04 19:40:46,Code.exe,VS Code,Development,5,REGISTRY
2026-02-04 19:40:48,Code.exe,VS Code,Development,5,REGISTRY
2026-02-04 19:40:51,Code.exe,VS Code,Development,5,REGISTRY
2026-02-04 19:40:53,Code.exe,VS Code,Development,5,REGISTRY
2026-02-04 19:40:56,Code.exe,VS Code,Development,5,REGISTRY
2026-02-04 19:40:58,Code.exe,VS Code,Development,5,REGISTRY
2026-02-04 19:41:01,Code.exe,VS Code,Development,5,REGISTRY
2026-02-04 19:41:03,Code.exe,VS Code,Development,5,REGISTRY
2026-02-04 19:41:06,Code.exe,VS Code,Development,5,REGISTRY
2026-02-04 19:41:08,Code.exe,VS Code,Development,5,REGISTRY
2026-02-04 19:41:11,Code.exe,VS Code,Development,5,REGISTRY
2026-02-04 19:41:13,Code.exe,VS Code,Development,5,REGISTRY
2026-02-04 19:41:16,Code.exe,VS Code,Development,5,REGISTRY
2026-02-04 19:41:18,Code.exe,VS Code,Development,5,REGISTRY
2026-02-04 19:41:21,Code.exe,VS Code,Development,5,REGISTRY
2026-02-04 19:41:23,Code.exe,VS Code,Development,5,REGISTRY
2026-02-04 19:41:26,Code.exe,VS Code,Development,5,REGISTRY
2026-02-04 19:41:28,Code.exe,VS Code,Development,5,REGISTRY
2026-02-04 19:41:31,Code.exe,VS Code,Development,5,REGISTRY
2026-02-04 19:41:33,Code.exe,VS Code,Development,5,REGISTRY
2026-02-04 19:41:36,Code.exe,VS Code,Development,5,REGISTRY
2026-02-04 19:41:38,Code.exe,VS Code,Development,5,REGISTRY
2026-02-04 19:41:41,Code.exe,VS Code,Development,5,REGISTRY
2026-02-04 19:41:43,Code.exe,VS Code,Development,5,REGISTRY
2026-02-04 19:41:46,Code.exe,VS Code,Development,5,REGISTRY
2026-02-04 19:41:48,Code.exe,VS Code,Development,5,REGISTRY
2026-02-04 19:41:51,Code.exe,VS Code,Development,5,REGISTRY
2026-02-04 19:41:53,Code.exe,VS Code,Development,5,REGISTRY
2026-02-04 19:41:56,Code.exe,VS Code,Development,5,REGISTRY
2026-02-04 19:41:58,Code.exe,VS Code,Development,5,REGISTRY
2026-02-04 19:42:01,Code.exe,VS Code,Development,5,REGISTRY
2026-02-04 19:42:03,Code.exe,VS Code,Development,5,REGISTRY
2026-02-04 19:42:06,Code.exe,VS Code,Development,5,REGISTRY
2026-02-04 19:42:08,Code.exe,VS Code,Development,5,REGISTRY
2026-02-04 19:42:11,Code.exe,VS Code,Development,5,REGISTRY
2026-02-04 19:42:13,Code.exe,VS Code,Development,5,REGISTRY
2026-02-04 19:42:16,Code.exe,VS Code,Development,5,REGISTRY
2026-02-04 19:42:18,Code.exe,VS Code,Development,5,REGISTRY
2026-02-04 19:42:21,Code.exe,VS Code,Development,5,REGISTRY
2026-02-04 19:42:23,Code.exe,VS Code,Development,5,REGISTRY
2026-02-04 19:42:26,Code.exe,VS Code,Development,5,REGISTRY
2026-02-04 19:42:28,Code.exe,VS Code,Development,5,REGISTRY
2026-02-04 19:42:31,Code.exe,VS Code,Development,5,REGISTRY
2026-02-04 19:42:33,Code.exe,VS Code,Development,5,REGISTRY
2026-02-04 19:42:36,chrome.exe,Google Chrome,Browsing,5,REGISTRY
2026-02-04 19:42:38,chrome.exe,Google Chrome,Browsing,5,REGISTRY
2026-02-04 19:42:41,chrome.exe,Google Chrome,Browsing,5,REGISTRY
2026-02-04 19:42:43,chrome.exe,Google Chrome,Browsing,5,REGISTRY
2026-02-04 19:42:46,chrome.exe,Google Chrome,Browsing,5,REGISTRY
2026-02-04 19:42:48,chrome.exe,Google Chrome,Browsing,5,REGISTRY
2026-02-04 19:42:51,chrome.exe,Google Chrome,Browsing,5,REGISTRY
2026-02-04 19:42:56,Code.exe,VS Code,Development,5,REGISTRY
2026-02-04 19:43:01,Code.exe,VS Code,Development,5,REGISTRY
2026-02-04 19:43:06,Code.exe,VS Code,Development,5,REGISTRY
2026-02-04 19:43:11,Code.exe,VS Code,Development,5,REGISTRY
2026-02-04 19:43:16,Code.exe,VS Code,Development,5,REGISTRY
2026-02-04 19:43:21,Code.exe,VS Code,Development,5,REGISTRY
2026-02-04 19:43:26,Code.exe,VS Code,Development,5,REGISTRY
2026-02-04 19:43:31,Code.exe,VS Code,Development,5,REGISTRY
2026-02-04 19:43:36,Code.exe,VS Code,Development,5,REGISTRY
2026-02-04 19:43:41,Code.exe,VS Code,Development,5,REGISTRY
2026-02-04 19:43:46,Code.exe,VS Code,Development,5,REGISTRY
2026-02-04 19:43:51,Code.exe,VS Code,Development,5,REGISTRY
2026-02-04 19:43:56,Code.exe,VS Code,Development,5,REGISTRY
2026-02-04 19:44:01,Code.exe,VS Code,Development,5,REGISTRY
2026-02-04 19:44:06,Code.exe,VS Code,Development,5,REGISTRY
2026-02-04 19:44:11,Code.exe,VS Code,Development,5,REGISTRY
2026-02-04 19:44:16,Code.exe,VS Code,Development,5,REGISTRY
2026-02-04 19:44:21,Code.exe,VS Code,Development,5,REGISTRY
2026-02-04 19:44:26,Code.exe,VS Code,Development,5,REGISTRY
2026-02-04 19:44:31,Code.exe,VS Code,Development,5,REGISTRY
2026-02-04 19:44:36,Code.exe,VS Code,Development,5,REGISTRY
2026-02-04 19:44:41,Code.exe,VS Code,Development,5,REGISTRY
2026-02-04 19:44:46,Code.exe,VS Code,Development,5,REGISTRY
2026-02-04 19:44:51,Code.exe,VS Code,Development,5,REGISTRY
2026-02-04 19:44:56,Code.exe,VS Code,Development,5,REGISTRY
2026-02-04 19:45:01,Code.exe,VS Code,Development,5,REGISTRY
2026-02-04 19:45:06,Code.exe,VS Code,Development,5,REGISTRY
2026-02-04 19:45:11,Code.exe,VS Code,Development,5,REGISTRY
2026-02-04 19:45:16,Code.exe,VS Code,Development,5,REGISTRY
2026-02-04 19:45:21,Code.exe,VS Code,Development,5,REGISTRY
2026-02-04 19:45:26,Code.exe,VS Code,Development,5,REGISTRY
2026-02-04 19:45:31,Code.exe,VS Code,Development,5,REGISTRY
2026-02-04 19:45:36,Code.exe,VS Code,Development,5,REGISTRY
2026-02-04 19:45:41,Code.exe,VS Code,Development,5,REGISTRY
2026-02-04 19:45:46,Code.exe,VS Code,Development,5,REGISTRY
2026-02-04 19:45:51,Code.exe,VS Code,Development,5,REGISTRY
2026-02-04 19:45:56,Code.exe,VS Code,Development,5,REGISTRY
2026-02-04 19:46:01,Code.exe,VS Code,Development,5,REGISTRY
2026-02-04 19:46:06,Code.exe,VS Code,Development,5,REGISTRY
2026-02-04 19:46:11,Code.exe,VS Code,Development,5,REGISTRY
2026-02-04 19:46:16,chrome.exe,Google Chrome,Browsing,5,REGISTRY
2026-02-04 19:46:21,chrome.exe,Google Chrome,Browsing,5,REGISTRY
2026-02-04 19:46:26,chrome.exe,Google Chrome,Browsing,5,REGISTRY
2026-02-04 19:46:31,chrome.exe,Google Chrome,Browsing,5,REGISTRY
2026-02-04 19:46:36,chrome.exe,Google Chrome,Browsing,5,REGISTRY
2026-02-04 19:46:41,chrome.exe,Google Chrome,Browsing,5,REGISTRY
2026-02-04 19:46:46,chrome.exe,Google Chrome,Browsing,5,REGISTRY
2026-02-04 19:46:51,chrome.exe,Google Chrome,Browsing,5,REGISTRY
2026-02-04 19:46:56,chrome.exe,Google Chrome,Browsing,5,REGISTRY
2026-02-04 19:47:01,chrome.exe,Google Chrome,Browsing,5,REGISTRY
2026-02-04 19:47:06,chrome.exe,Google Chrome,Browsing,5,REGISTRY
2026-02-04 19:47:11,chrome.exe,Google Chrome,Browsing,5,REGISTRY
2026-02-04 19:47:16,chrome.exe,Google Chrome,Browsing,5,REGISTRY
2026-02-04 19:47:21,chrome.exe,Google Chrome,Browsing,5,REGISTRY
2026-02-04 19:47:26,chrome.exe,Google Chrome,Browsing,5,REGISTRY
2026-02-04 19:47:31,chrome.exe,Google Chrome,Browsing,5,REGISTRY
2026-02-04 19:47:36,chrome.exe,Google Chrome,Browsing,5,REGISTRY
2026-02-04 19:47:41,chrome.exe,Google Chrome,Browsing,5,REGISTRY
2026-02-04 19:47:46,chrome.exe,Google Chrome,Browsing,5,REGISTRY
2026-02-04 19:47:51,chrome.exe,Google Chrome,Browsing,5,REGISTRY
2026-02-04 19:47:56,chrome.exe,Google Chrome,Browsing,5,REGISTRY
2026-02-04 19:48:01,chrome.exe,Google Chrome,Browsing,5,REGISTRY
2026-02-04 19:48:06,chrome.exe,Google Chrome,Browsing,5,REGISTRY
2026-02-04 19:48:11,chrome.exe,Google Chrome,Browsing,5,REGISTRY
2026-02-04 19:48:16,chrome.exe,Google Chrome,Browsing,5,REGISTRY
2026-02-04 19:48:21,chrome.exe,Google Chrome,Browsing,5,REGISTRY
2026-02-04 19:48:26,chrome.exe,Google Chrome,Browsing,5,REGISTRY
2026-02-04 19:48:31,chrome.exe,Google Chrome,Browsing,5,REGISTRY
2026-02-04 19:48:36,chrome.exe,Google Chrome,Browsing,5,REGISTRY
2026-02-04 19:48:41,chrome.exe,Google Chrome,Browsing,5,REGISTRY
2026-02-04 19:48:46,chrome.exe,Google Chrome,Browsing,5,REGISTRY
2026-02-04 19:48:51,chrome.exe,Google Chrome,Browsing,5,REGISTRY
2026-02-04 19:48:56,chrome.exe,Google Chrome,Browsing,5,REGISTRY
2026-02-04 19:49:01,chrome.exe,Google Chrome,Browsing,5,REGISTRY
2026-02-04 19:49:06,chrome.exe,Google Chrome,Browsing,5,REGISTRY
2026-02-04 19:49:11,chrome.exe,Google Chrome,Browsing,5,REGISTRY
2026-02-04 19:49:16,chrome.exe,Google Chrome,Browsing,5,REGISTRY
2026-02-04 19:49:21,chrome.exe,Google Chrome,Browsing,5,REGISTRY
2026-02-04 19:49:26,chrome.exe,Google Chrome,Browsing,5,REGISTRY
2026-02-04 19:49:31,chrome.exe,Google Chrome,Browsing,5,REGISTRY
2026-02-04 19:49:36,chrome.exe,Google Chrome,Browsing,5,REGISTRY
2026-02-04 19:49:41,chrome.exe,Google Chrome,Browsing,5,REGISTRY
2026-02-04 19:49:46,chrome.exe,Google Chrome,Browsing,5,REGISTRY
2026-02-04 19:49:51,chrome.exe,Google Chrome,Browsing,5,REGISTRY
2026-02-04 19:49:56,chrome.exe,Google Chrome,Browsing,5,REGISTRY
2026-02-04 19:50:01,chrome.exe,Google Chrome,Browsing,5,REGISTRY
2026-02-04 19:50:06,chrome.exe,Google Chrome,Browsing,5,REGISTRY
2026-02-04 19:50:11,chrome.exe,Google Chrome,Browsing,5,REGISTRY
2026-02-04 19:50:16,chrome.exe,Google Chrome,Browsing,5,REGISTRY
2026-02-04 19:50:21,chrome.exe,Google Chrome,Browsing,5,REGISTRY
2026-02-04 19:50:26,chrome.exe,Google Chrome,Browsing,5,REGISTRY
2026-02-04 19:50:31,chrome.exe,Google Chrome,Browsing,5,REGISTRY
2026-02-04 19:50:36,chrome.exe,Google Chrome,Browsing,5,REGISTRY
2026-02-04 19:50:41,chrome.exe,Google Chrome,Browsing,5,REGISTRY
2026-02-04 19:50:46,chrome.exe,Google Chrome,Browsing,5,REGISTRY
2026-02-04 19:50:51,chrome.exe,Google Chrome,Browsing,5,REGISTRY
2026-02-04 19:50:56,chrome.exe,Google Chrome,Browsing,5,REGISTRY
2026-02-04 19:51:01,chrome.exe,Google Chrome,Browsing,5,REGISTRY
2026-02-04 19:51:06,chrome.exe,Google Chrome,Browsing,5,REGISTRY
2026-02-04 19:51:11,chrome.exe,Google Chrome,Browsing,5,REGISTRY
2026-02-04 19:51:16,chrome.exe,Google Chrome,Browsing,5,REGISTRY
2026-02-04 19:51:21,chrome.exe,Google Chrome,Browsing,5,REGISTRY
2026-02-04 19:51:26,chrome.exe,Google Chrome,Browsing,5,REGISTRY
2026-02-04 19:51:31,chrome.exe,Google Chrome,Browsing,5,REGISTRY
2026-02-04 19:51:36,chrome.exe,Google Chrome,Browsing,5,REGISTRY
2026-02-04 19:51:41,chrome.exe,Google Chrome,Browsing,5,REGISTRY
2026-02-04 19:51:47,chrome.exe,Google Chrome,Browsing,5,REGISTRY
2026-02-04 19:51:52,chrome.exe,Google Chrome,Browsing,5,REGISTRY
2026-02-04 19:51:57,chrome.exe,Google Chrome,Browsing,5,REGISTRY
2026-02-04 19:52:02,chrome.exe,Google Chrome,Browsing,5,REGISTRY
2026-02-04 19:52:07,chrome.exe,Google Chrome,Browsing,5,REGISTRY
2026-02-04 19:52:12,chrome.exe,Google Chrome,Browsing,5,REGISTRY
2026-02-04 19:52:17,chrome.exe,Google Chrome,Browsing,5,REGISTRY
2026-02-04 19:52:22,chrome.exe,Google Chrome,Browsing,5,REGISTRY
2026-02-04 19:52:27,chrome.exe,Google Chrome,Browsing,5,REGISTRY
2026-02-04 19:52:32,chrome.exe,Google Chrome,Browsing,5,REGISTRY
2026-02-04 19:52:37,chrome.exe,Google Chrome,Browsing,5,REGISTRY
2026-02-04 19:52:42,chrome.exe,Google Chrome,Browsing,5,REGISTRY
2026-02-04 19:52:47,Code.exe,VS Code,Development,5,REGISTRY
2026-02-04 19:52:52,Code.exe,VS Code,Development,5,REGISTRY
2026-02-04 19:52:57,Code.exe,VS Code,Development,5,REGISTRY
2026-02-04 19:53:02,Code.exe,VS Code,Development,5,REGISTRY
2026-02-04 19:53:07,Code.exe,VS Code,Development,5,REGISTRY
2026-02-04 19:53:12,Code.exe,VS Code,Development,5,REGISTRY
2026-02-04 19:53:17,explorer.exe,Explorer,Utilities,5,KEYWORD
2026-02-04 19:53:22,chrome.exe,Google Chrome,Browsing,5,REGISTRY
2026-02-04 19:53:27,chrome.exe,Google Chrome,Browsing,5,REGISTRY
2026-02-04 19:53:32,chrome.exe,Google Chrome,Browsing,5,REGISTRY
2026-02-04 19:53:37,chrome.exe,Google Chrome,Browsing,5,REGISTRY
2026-02-04 19:53:42,chrome.exe,Google Chrome,Browsing,5,REGISTRY
2026-02-04 19:53:47,chrome.exe,Google Chrome,Browsing,5,REGISTRY
2026-02-04 19:53:52,chrome.exe,Google Chrome,Browsing,5,REGISTRY
2026-02-04 19:53:57,chrome.exe,Google Chrome,Browsing,5,REGISTRY
2026-02-04 19:54:02,chrome.exe,Google Chrome,Browsing,5,REGISTRY
2026-02-04 19:54:07,chrome.exe,Google Chrome,Browsing,5,REGISTRY
2026-02-04 19:54:12,chrome.exe,Google Chrome,Browsing,5,REGISTRY
2026-02-04 19:54:17,chrome.exe,Google Chrome,Browsing,5,REGISTRY
2026-02-04 19:54:22,chrome.exe,Google Chrome,Browsing,5,REGISTRY
2026-02-04 19:54:27,chrome.exe,Google Chrome,Browsing,5,REGISTRY
2026-02-04 19:54:32,chrome.exe,Google Chrome,Browsing,5,REGISTRY
2026-02-04 19:54:37,chrome.exe,Google Chrome,Browsing,5,REGISTRY
2026-02-04 19:54:42,chrome.exe,Google Chrome,Browsing,5,REGISTRY
2026-02-04 19:54:47,chrome.exe,Google Chrome,Browsing,5,REGISTRY
2026-02-04 19:54:52,chrome.exe,Google Chrome,Browsing,5,REGISTRY
2026-02-04 19:54:57,chrome.exe,Google Chrome,Browsing,5,REGISTRY
2026-02-04 19:55:02,chrome.exe,Google Chrome,Browsing,5,REGISTRY
2026-02-04 19:55:07,chrome.exe,Google Chrome,Browsing,5,REGISTRY
2026-02-04 19:55:12,chrome.exe,Google Chrome,Browsing,5,REGISTRY
2026-02-04 19:55:17,chrome.exe,Google Chrome,Browsing,5,REGISTRY
2026-02-04 19:55:22,chrome.exe,Google Chrome,Browsing,5,REGISTRY
2026-02-04 19:55:27,chrome.exe,Google Chrome,Browsing,5,REGISTRY
2026-02-04 19:55:32,chrome.exe,Google Chrome,Browsing,5,REGISTRY
2026-02-04 19:55:37,chrome.exe,Google Chrome,Browsing,5,REGISTRY
2026-02-04 19:55:42,chrome.exe,Google Chrome,Browsing,5,REGISTRY
2026-02-04 19:55:47,chrome.exe,Google Chrome,Browsing,5,REGISTRY
2026-02-04 19:55:52,chrome.exe,Google Chrome,Browsing,5,REGISTRY
2026-02-04 19:55:57,chrome.exe,Google Chrome,Browsing,5,REGISTRY
2026-02-04 19:56:02,chrome.exe,Google Chrome,Browsing,5,REGISTRY
2026-02-04 19:56:07,chrome.exe,Google Chrome,Browsing,5,REGISTRY
2026-02-04 19:56:12,chrome.exe,Google Chrome,Browsing,5,REGISTRY
2026-02-04 19:56:17,chrome.exe,Google Chrome,Browsing,5,REGISTRY
2026-02-04 19:56:22,chrome.exe,Google Chrome,Browsing,5,REGISTRY
2026-02-04 19:56:27,chrome.exe,Google Chrome,Browsing,5,REGISTRY
2026-02-04 19:56:32,chrome.exe,Google Chrome,Browsing,5,REGISTRY
2026-02-04 19:56:37,chrome.exe,Google Chrome,Browsing,5,REGISTRY
2026-02-04 19:56:42,chrome.exe,Google Chrome,Browsing,5,REGISTRY
2026-02-04 19:56:47,chrome.exe,Google Chrome,Browsing,5,REGISTRY
2026-02-04 19:56:52,chrome.exe,Google Chrome,Browsing,5,REGISTRY
2026-02-04 19:56:57,chrome.exe,Google Chrome,Browsing,5,REGISTRY
2026-02-04 19:57:02,chrome.exe,Google Chrome,Browsing,5,REGISTRY
2026-02-04 19:57:07,chrome.exe,Google Chrome,Browsing,5,REGISTRY
2026-02-04 19:57:12,chrome.exe,Google Chrome,Browsing,5,REGISTRY
2026-02-04 19:57:17,chrome.exe,Google Chrome,Browsing,5,REGISTRY
2026-02-04 19:57:22,Code.exe,VS Code,Development,5,REGISTRY
2026-02-04 19:57:27,Code.exe,VS Code,Development,5,REGISTRY
2026-02-04 19:57:32,Code.exe,VS Code,Development,5,REGISTRY
2026-02-04 19:57:37,Code.exe,VS Code,Development,5,REGISTRY
2026-02-04 19:57:42,Code.exe,VS Code,Development,5,REGISTRY
2026-02-04 19:57:47,Code.exe,VS Code,Development,5,REGISTRY
2026-02-04 19:57:52,Code.exe,VS Code,Development,5,REGISTRY
2026-02-04 19:57:57,Code.exe,VS Code,Development,5,REGISTRY
2026-02-04 19:58:02,chrome.exe,Google Chrome,Browsing,5,REGISTRY
2026-02-04 19:58:07,chrome.exe,Google Chrome,Browsing,5,REGISTRY
2026-02-04 19:58:12,chrome.exe,Google Chrome,Browsing,5,REGISTRY
2026-02-04 19:58:17,chrome.exe,Google Chrome,Browsing,5,REGISTRY
2026-02-04 19:58:22,Code.exe,VS Code,Development,5,REGISTRY
2026-02-04 19:58:27,Code.exe,VS Code,Development,5,REGISTRY
2026-02-04 19:58:32,Code.exe,VS Code,Development,5,REGISTRY
2026-02-04 19:58:37,Code.exe,VS Code,Development,5,REGISTRY
2026-02-04 19:58:42,Code.exe,VS Code,Development,5,REGISTRY
2026-02-04 19:58:47,Code.exe,VS Code,Development,5,REGISTRY
2026-02-04 19:58:52,chrome.exe,Google Chrome,Browsing,5,REGISTRY
2026-02-04 19:58:57,chrome.exe,Google Chrome,Browsing,5,REGISTRY
2026-02-04 19:59:02,chrome.exe,Google Chrome,Browsing,5,REGISTRY
2026-02-04 19:59:07,Code.exe,VS Code,Development,5,REGISTRY
2026-02-04 19:59:12,Code.exe,VS Code,Development,5,REGISTRY
2026-02-04 19:59:17,chrome.exe,Google Chrome,Browsing,5,REGISTRY
2026-02-04 19:59:22,Code.exe,VS Code,Development,5,REGISTRY
2026-02-04 19:59:27,Code.exe,VS Code,Development,5,REGISTRY
2026-02-04 19:59:27,Code.exe,VS Code,Development,5,REGISTRY
2026-02-04 19:59:32,Code.exe,VS Code,Development,5,REGISTRY
2026-02-04 19:59:32,Code.exe,VS Code,Development,5,REGISTRY
2026-02-04 19:59:37,Code.exe,VS Code,Development,5,REGISTRY
2026-02-04 19:59:37,Code.exe,VS Code,Development,5,REGISTRY
2026-02-04 19:59:42,explorer.exe,Explorer,Utilities,5,KEYWORD
2026-02-04 19:59:42,explorer.exe,Explorer,Utilities,5,KEYWORD
2026-02-04 19:59:47,explorer.exe,Explorer,Utilities,5,KEYWORD
2026-02-04 19:59:47,explorer.exe,Explorer,Utilities,5,KEYWORD
2026-02-04 19:59:52,explorer.exe,Explorer,Utilities,5,KEYWORD
2026-02-04 19:59:52,explorer.exe,Explorer,Utilities,5,KEYWORD
2026-02-04 19:59:57,Code.exe,VS Code,Development,5,REGISTRY
2026-02-04 19:59:57,Code.exe,VS Code,Development,5,REGISTRY
2026-02-04 20:00:02,Code.exe,VS Code,Development,5,REGISTRY
2026-02-04 20:00:02,Code.exe,VS Code,Development,5,REGISTRY
2026-02-04 20:00:07,Code.exe,VS Code,Development,5,REGISTRY
2026-02-04 20:00:07,Code.exe,VS Code,Development,5,REGISTRY
2026-02-04 20:00:12,Code.exe,VS Code,Development,5,REGISTRY
2026-02-04 20:00:12,Code.exe,VS Code,Development,5,REGISTRY
2026-02-04 20:00:17,Code.exe,VS Code,Development,5,REGISTRY
2026-02-04 20:00:22,Code.exe,VS Code,Development,5,REGISTRY
2026-02-04 20:00:27,Code.exe,VS Code,Development,5,REGISTRY
2026-02-04 20:00:32,Code.exe,VS Code,Development,5,REGISTRY
2026-02-04 20:00:37,Code.exe,VS Code,Development,5,REGISTRY
2026-02-04 20:00:42,chrome.exe,Google Chrome,Browsing,5,REGISTRY
2026-02-04 20:00:47,chrome.exe,Google Chrome,Browsing,5,REGISTRY
2026-02-04 20:00:52,chrome.exe,Google Chrome,Browsing,5,REGISTRY
2026-02-04 20:00:57,chrome.exe,Google Chrome,Browsing,5,REGISTRY
2026-02-04 20:01:02,chrome.exe,Google Chrome,Browsing,5,REGISTRY
2026-02-04 20:01:07,chrome.exe,Google Chrome,Browsing,5,REGISTRY
2026-02-04 20:01:12,Code.exe,VS Code,Development,5,REGISTRY
2026-02-04 20:01:17,chrome.exe,Google Chrome,Browsing,5,REGISTRY
2026-02-04 20:01:22,chrome.exe,Google Chrome,Browsing,5,REGISTRY
2026-02-04 20:01:27,chrome.exe,Google Chrome,Browsing,5,REGISTRY
2026-02-04 20:01:32,chrome.exe,Google Chrome,Browsing,5,REGISTRY
2026-02-04 20:01:37,chrome.exe,Google Chrome,Browsing,5,REGISTRY
2026-02-04 20:01:42,chrome.exe,Google Chrome,Browsing,5,REGISTRY
2026-02-04 20:01:47,chrome.exe,Google Chrome,Browsing,5,REGISTRY
2026-02-04 20:01:52,chrome.exe,Google Chrome,Browsing,5,REGISTRY
2026-02-04 20:01:57,chrome.exe,Google Chrome,Browsing,5,REGISTRY
2026-02-04 20:02:02,chrome.exe,Google Chrome,Browsing,5,REGISTRY
2026-02-04 20:02:07,chrome.exe,Google Chrome,Browsing,5,REGISTRY
2026-02-04 20:02:12,chrome.exe,Google Chrome,Browsing,5,REGISTRY
2026-02-04 20:02:17,WindowsTerminal.exe,Windowsterminal,Development,5,KEYWORD
2026-02-04 20:02:22,chrome.exe,Google Chrome,Browsing,5,REGISTRY
