user_id,session_id,timestamp,keys_per_min,avg_pause_sec,max_pause_sec,error_rate,task_duration_sec,interaction_variance,session_length_min,fatigue_level
0,0,2026-02-03 20:29:57.259329,254,0.47,2.07,0.009,309,0.33,60,0
0,0,2026-02-03 20:34:57.259358,246,0.66,1.44,0.031,351,0.18,66,0
0,0,2026-02-03 20:39:57.259375,206,0.94,2.36,0.049,366,0.36,73,0
0,0,2026-02-03 20:44:57.259389,188,1.21,2.48,0.076,417,0.51,80,1
0,0,2026-02-03 20:49:57.259403,185,1.69,2.29,0.081,506,0.6,86,1
0,0,2026-02-03 20:54:57.259416,176,1.68,2.92,0.102,546,0.51,93,1
0,0,2026-02-03 20:59:57.259427,172,1.77,3.09,0.122,593,0.6,100,2
0,0,2026-02-03 21:04:57.259438,140,2.6,3.64,0.131,621,0.59,106,2
0,0,2026-02-03 21:09:57.259450,146,2.65,3.26,0.159,682,0.92,113,2
0,0,2026-02-03 21:14:57.259462,137,2.96,3.63,0.164,709,1.0,120,2
0,1,2026-02-03 20:29:57.259503,245,0.46,1.43,0.032,273,0.38,60,0
0,1,2026-02-03 20:34:57.259515,239,0.57,2.14,0.036,355,0.52,66,0
0,1,2026-02-03 20:39:57.259526,222,1.37,2.65,0.049,387,0.29,73,0
0,1,2026-02-03 20:44:57.259537,220,1.51,2.38,0.07,477,0.45,80,1
0,1,2026-02-03 20:49:57.259548,188,1.51,3.4,0.092,512,0.59,86,1
0,1,2026-02-03 20:54:57.259559,186,2.16,4.0,0.105,501,0.6,93,1
0,1,2026-02-03 20:59:57.259570,166,1.87,3.6,0.093,577,0.66,100,2
0,1,2026-02-03 21:04:57.259581,153,2.54,3.52,0.135,667,0.78,106,2
0,1,2026-02-03 21:09:57.259596,145,2.71,4.65,0.153,605,0.73,113,2
0,1,2026-02-03 21:14:57.259607,120,3.02,4.27,0.166,694,0.93,120,2
0,2,2026-02-03 20:29:57.259632,249,0.27,2.25,0.028,265,0.22,60,0
0,2,2026-02-03 20:34:57.259643,244,0.62,2.07,0.051,362,0.59,66,0
0,2,2026-02-03 20:39:57.259655,213,0.94,1.5,0.07,415,0.43,73,0
0,2,2026-02-03 20:44:57.259666,206,1.46,2.22,0.058,405,0.65,80,1
0,2,2026-02-03 20:49:57.259676,188,1.55,3.44,0.083,494,0.67,86,1
0,2,2026-02-03 20:54:57.259687,188,2.16,3.02,0.129,530,0.71,93,1
0,2,2026-02-03 20:59:57.259699,157,1.9,3.49,0.126,603,0.72,100,2
0,2,2026-02-03 21:04:57.259710,165,2.48,4.02,0.124,575,0.83,106,2
0,2,2026-02-03 21:09:57.259720,133,2.88,3.87,0.161,693,0.88,113,2
0,2,2026-02-03 21:14:57.259730,139,2.83,3.88,0.171,673,0.82,120,2
0,3,2026-02-03 20:29:57.259750,249,0.57,2.41,0.032,316,0.57,60,0
0,3,2026-02-03 20:34:57.259760,237,0.5,2.08,0.036,312,0.41,66,0
0,3,2026-02-03 20:39:57.259771,221,1.2,1.72,0.052,411,0.39,73,0
0,3,2026-02-03 20:44:57.259781,217,1.54,2.52,0.067,439,0.38,80,1
0,3,2026-02-03 20:49:57.259791,198,1.69,3.05,0.089,453,0.67,86,1
0,3,2026-02-03 20:54:57.259802,183,2.06,3.61,0.114,480,0.54,93,1
0,3,2026-02-03 20:59:57.259812,175,2.27,4.07,0.12,592,0.84,100,2
0,3,2026-02-03 21:04:57.259822,156,2.71,4.4,0.147,601,0.84,106,2
0,3,2026-02-03 21:09:57.259833,135,2.67,4.04,0.153,639,0.65,113,2
0,3,2026-02-03 21:14:57.259844,133,2.92,3.48,0.171,685,1.01,120,2
0,4,2026-02-03 20:29:57.259863,250,0.28,1.93,0.025,261,0.54,60,0
0,4,2026-02-03 20:34:57.259873,255,1.05,3.01,0.045,283,0.39,66,0
0,4,2026-02-03 20:39:57.259886,216,1.23,2.39,0.046,438,0.4,73,0
0,4,2026-02-03 20:44:57.259897,206,1.4,2.97,0.054,395,0.59,80,1
0,4,2026-02-03 20:49:57.259907,217,1.82,2.95,0.079,439,0.54,86,1
0,4,2026-02-03 20:54:57.259917,202,1.89,3.1,0.094,514,0.51,93,1
0,4,2026-02-03 20:59:57.259928,186,1.88,3.33,0.119,552,0.71,100,2
0,4,2026-02-03 21:04:57.259938,180,2.53,3.27,0.146,617,0.71,106,2
0,4,2026-02-03 21:09:57.259948,144,2.65,4.56,0.134,693,0.77,113,2
0,4,2026-02-03 21:14:57.259959,151,3.14,4.22,0.171,708,0.84,120,2
1,0,2026-02-03 20:29:57.259978,247,0.4,2.17,0.014,289,0.4,60,0
1,0,2026-02-03 20:34:57.259989,251,0.85,2.56,0.042,319,0.31,66,0
1,0,2026-02-03 20:39:57.259999,230,1.18,3.17,0.035,352,0.37,73,0
1,0,2026-02-03 20:44:57.260010,221,1.64,3.27,0.066,472,0.5,80,1
1,0,2026-02-03 20:49:57.260020,203,1.55,2.63,0.084,459,0.76,86,1
1,0,2026-02-03 20:54:57.260030,193,1.53,2.52,0.099,556,0.71,93,1
1,0,2026-02-03 20:59:57.260041,176,2.29,2.93,0.113,566,0.49,100,2
1,0,2026-02-03 21:04:57.260052,174,2.38,3.06,0.145,623,0.71,106,2
1,0,2026-02-03 21:09:57.260063,135,2.77,3.4,0.149,661,0.89,113,2
1,0,2026-02-03 21:14:57.260073,138,3.23,5.15,0.165,678,0.88,120,2
1,1,2026-02-03 20:29:57.260092,253,0.8,1.94,0.017,299,0.23,60,0
1,1,2026-02-03 20:34:57.260103,236,1.03,2.41,0.044,341,0.41,66,0
1,1,2026-02-03 20:39:57.260114,230,0.98,1.82,0.054,418,0.48,73,0
1,1,2026-02-03 20:44:57.260125,210,1.79,3.33,0.074,497,0.42,80,1
1,1,2026-02-03 20:49:57.260136,205,1.65,2.22,0.086,507,0.42,86,1
1,1,2026-02-03 20:54:57.260147,191,1.86,2.89,0.09,499,0.65,93,1
1,1,2026-02-03 20:59:57.260158,173,2.54,3.5,0.126,595,0.77,100,2
1,1,2026-02-03 21:04:57.260168,171,2.58,4.38,0.135,646,0.72,106,2
1,1,2026-02-03 21:09:57.260179,126,2.99,4.94,0.156,663,0.59,113,2
1,1,2026-02-03 21:14:57.260189,120,2.98,4.78,0.169,700,0.9,120,2
1,2,2026-02-03 20:29:57.260207,245,0.62,1.8,0.006,316,0.41,60,0
1,2,2026-02-03 20:34:57.260217,252,0.61,2.12,0.034,390,0.38,66,0
1,2,2026-02-03 20:39:57.260228,235,1.07,2.4,0.064,393,0.33,73,0
1,2,2026-02-03 20:44:57.260238,207,1.63,2.45,0.079,465,0.32,80,1
1,2,2026-02-03 20:49:57.260249,184,1.2,3.06,0.089,412,0.52,86,1
1,2,2026-02-03 20:54:57.260259,196,2.09,4.01,0.107,471,0.63,93,1
1,2,2026-02-03 20:59:57.260269,173,2.16,3.4,0.131,523,0.69,100,2
1,2,2026-02-03 21:04:57.260281,155,2.22,3.24,0.142,609,0.86,106,2
1,2,2026-02-03 21:09:57.260291,133,2.82,3.61,0.145,638,0.69,113,2
1,2,2026-02-03 21:14:57.260301,128,3.01,4.55,0.147,679,0.92,120,2
1,3,2026-02-03 20:29:57.260319,248,0.46,2.17,0.013,317,0.25,60,0
1,3,2026-02-03 20:34:57.260330,224,1.25,2.3,0.034,393,0.34,66,0
1,3,2026-02-03 20:39:57.260340,229,1.12,2.39,0.044,391,0.59,73,0
1,3,2026-02-03 20:44:57.260351,185,1.17,2.24,0.061,413,0.39,80,1
1,3,2026-02-03 20:49:57.260361,213,1.79,3.47,0.078,477,0.8,86,1
1,3,2026-02-03 20:54:57.260372,193,1.8,2.49,0.119,495,0.5,93,1
1,3,2026-02-03 20:59:57.260382,179,2.55,3.58,0.12,570,0.66,100,2
1,3,2026-02-03 21:04:57.260392,154,2.35,3.09,0.13,593,0.68,106,2
1,3,2026-02-03 21:09:57.260403,143,2.56,3.68,0.157,653,0.86,113,2
1,3,2026-02-03 21:14:57.260413,132,2.86,4.36,0.165,702,0.98,120,2
1,4,2026-02-03 20:29:57.260431,233,0.61,2.26,0.014,269,0.33,60,0
1,4,2026-02-03 20:34:57.260441,209,0.69,2.11,0.034,363,0.2,66,0
1,4,2026-02-03 20:39:57.260451,222,0.81,2.11,0.052,376,0.37,73,0
1,4,2026-02-03 20:44:57.260462,217,1.55,2.94,0.078,359,0.42,80,1
1,4,2026-02-03 20:49:57.260473,202,1.57,3.32,0.088,480,0.62,86,1
1,4,2026-02-03 20:54:57.260483,199,1.86,3.55,0.104,507,0.59,93,1
1,4,2026-02-03 20:59:57.260493,173,2.08,3.58,0.098,577,0.67,100,2
1,4,2026-02-03 21:04:57.260504,166,2.39,3.46,0.15,554,0.73,106,2
1,4,2026-02-03 21:09:57.260514,143,3.06,3.91,0.151,680,0.92,113,2
1,4,2026-02-03 21:14:57.260525,130,2.82,4.73,0.173,655,1.01,120,2
2,0,2026-02-03 20:29:57.260543,253,0.42,1.85,0.03,302,0.25,60,0
2,0,2026-02-03 20:34:57.260553,240,0.56,2.18,0.028,346,0.32,66,0
2,0,2026-02-03 20:39:57.260566,228,1.12,2.13,0.066,375,0.39,73,0
2,0,2026-02-03 20:44:57.260576,204,1.53,2.99,0.08,445,0.69,80,1
2,0,2026-02-03 20:49:57.260586,188,1.36,2.13,0.088,502,0.48,86,1
2,0,2026-02-03 20:54:57.260597,160,1.92,3.34,0.13,525,0.71,93,1
2,0,2026-02-03 20:59:57.260607,174,2.21,3.77,0.123,532,0.57,100,2
2,0,2026-02-03 21:04:57.260618,175,2.48,4.37,0.138,581,0.75,106,2
2,0,2026-02-03 21:09:57.260628,143,2.94,4.33,0.147,651,0.94,113,2
2,0,2026-02-03 21:14:57.260639,124,3.17,5.05,0.147,661,0.77,120,2
2,1,2026-02-03 20:29:57.260674,246,0.83,1.67,0.009,295,0.3,60,0
2,1,2026-02-03 20:34:57.260686,223,0.94,1.98,0.035,399,0.48,66,0
2,1,2026-02-03 20:39:57.260696,220,0.83,1.46,0.053,393,0.37,73,0
2,1,2026-02-03 20:44:57.260707,211,1.18,3.03,0.077,416,0.45,80,1
2,1,2026-02-03 20:49:57.260717,196,1.5,2.85,0.101,397,0.36,86,1
2,1,2026-02-03 20:54:57.260728,170,1.65,2.42,0.105,479,0.56,93,1
2,1,2026-02-03 20:59:57.260739,158,2.52,3.06,0.125,543,0.69,100,2
2,1,2026-02-03 21:04:57.260749,156,2.3,3.81,0.129,595,0.82,106,2
2,1,2026-02-03 21:09:57.260761,131,2.86,3.51,0.161,627,0.86,113,2
2,1,2026-02-03 21:14:57.260771,132,3.33,4.14,0.16,717,0.87,120,2
2,2,2026-02-03 20:29:57.260795,253,0.25,1.38,0.008,275,0.43,60,0
2,2,2026-02-03 20:34:57.260806,219,0.93,2.04,0.023,281,0.54,66,0
2,2,2026-02-03 20:39:57.260817,225,1.04,2.69,0.063,387,0.4,73,0
2,2,2026-02-03 20:44:57.260827,223,1.76,2.65,0.077,438,0.48,80,1
2,2,2026-02-03 20:49:57.260838,196,1.68,2.44,0.07,494,0.77,86,1
2,2,2026-02-03 20:54:57.260849,190,1.8,2.32,0.109,529,0.73,93,1
2,2,2026-02-03 20:59:57.260861,186,2.37,3.13,0.118,590,0.74,100,2
2,2,2026-02-03 21:04:57.260873,132,2.37,3.77,0.139,592,0.63,106,2
2,2,2026-02-03 21:09:57.260883,134,2.45,4.03,0.159,602,1.04,113,2
2,2,2026-02-03 21:14:57.260895,126,3.02,3.84,0.172,682,0.91,120,2
2,3,2026-02-03 20:29:57.260914,275,0.48,1.48,0.016,307,0.32,60,0
2,3,2026-02-03 20:34:57.260924,233,1.17,2.32,0.036,365,0.31,66,0
2,3,2026-02-03 20:39:57.260935,229,1.25,2.16,0.036,423,0.3,73,0
2,3,2026-02-03 20:44:57.260945,207,1.55,3.15,0.071,450,0.61,80,1
2,3,2026-02-03 20:49:57.260956,205,1.7,2.57,0.071,476,0.65,86,1
2,3,2026-02-03 20:54:57.260966,184,1.98,3.94,0.101,521,0.7,93,1
2,3,2026-02-03 20:59:57.260977,170,2.17,3.15,0.106,581,0.6,100,2
2,3,2026-02-03 21:04:57.260987,169,2.39,3.36,0.138,654,0.79,106,2
2,3,2026-02-03 21:09:57.260998,153,2.43,4.26,0.14,673,0.9,113,2
2,3,2026-02-03 21:14:57.261010,130,3.24,4.34,0.163,768,0.86,120,2
2,4,2026-02-03 20:29:57.261029,245,0.79,1.92,0.011,323,0.27,60,0
2,4,2026-02-03 20:34:57.261039,228,0.58,1.43,0.026,343,0.39,66,0
2,4,2026-02-03 20:39:57.261049,238,0.86,1.69,0.052,364,0.66,73,0
2,4,2026-02-03 20:44:57.261060,203,1.57,2.84,0.086,414,0.45,80,1
2,4,2026-02-03 20:49:57.261070,190,1.5,3.17,0.082,472,0.53,86,1
2,4,2026-02-03 20:54:57.261082,171,2.05,2.78,0.114,505,0.7,93,1
2,4,2026-02-03 20:59:57.261093,172,1.86,3.25,0.112,571,0.66,100,2
2,4,2026-02-03 21:04:57.261103,162,2.55,3.88,0.148,605,0.69,106,2
2,4,2026-02-03 21:09:57.261114,129,2.58,4.17,0.145,655,0.9,113,2
2,4,2026-02-03 21:14:57.261125,119,2.3,3.69,0.161,685,1.0,120,2
3,0,2026-02-03 20:29:57.261143,256,0.87,1.77,0.022,309,0.39,60,0
3,0,2026-02-03 20:34:57.261154,240,0.86,2.62,0.044,376,0.48,66,0
3,0,2026-02-03 20:39:57.261165,237,1.19,1.93,0.05,363,0.36,73,0
3,0,2026-02-03 20:44:57.261175,214,1.42,2.68,0.074,439,0.5,80,1
3,0,2026-02-03 20:49:57.261186,183,1.76,3.21,0.102,484,0.59,86,1
3,0,2026-02-03 20:54:57.261196,179,2.0,3.01,0.104,540,0.65,93,1
3,0,2026-02-03 20:59:57.261207,165,2.21,3.16,0.116,571,0.52,100,2
3,0,2026-02-03 21:04:57.261217,166,2.35,4.16,0.138,594,0.8,106,2
3,0,2026-02-03 21:09:57.261228,158,2.71,4.23,0.136,643,0.71,113,2
3,0,2026-02-03 21:14:57.261238,128,3.13,3.96,0.18,707,0.84,120,2
3,1,2026-02-03 20:29:57.261256,237,0.67,2.6,0.018,265,0.29,60,0
3,1,2026-02-03 20:34:57.261267,242,0.53,1.44,0.053,343,0.39,66,0
3,1,2026-02-03 20:39:57.261277,220,1.13,1.95,0.054,382,0.53,73,0
3,1,2026-02-03 20:44:57.261287,206,1.43,2.21,0.07,443,0.55,80,1
3,1,2026-02-03 20:49:57.261300,202,1.7,3.34,0.077,487,0.69,86,1
3,1,2026-02-03 20:54:57.261310,188,1.68,2.37,0.103,501,0.81,93,1
3,1,2026-02-03 20:59:57.261320,169,1.88,2.48,0.104,583,0.64,100,2
3,1,2026-02-03 21:04:57.261331,166,2.39,3.0,0.136,597,0.52,106,2
3,1,2026-02-03 21:09:57.261342,127,2.87,4.41,0.157,669,0.83,113,2
3,1,2026-02-03 21:14:57.261352,124,2.95,4.93,0.166,699,0.78,120,2
3,2,2026-02-03 20:29:57.261369,265,0.68,2.02,0.011,301,0.27,60,0
3,2,2026-02-03 20:34:57.261380,235,0.74,1.44,0.029,398,0.43,66,0
3,2,2026-02-03 20:39:57.261390,217,1.17,1.92,0.056,364,0.61,73,0
3,2,2026-02-03 20:44:57.261400,213,1.41,3.11,0.077,464,0.45,80,1
3,2,2026-02-03 20:49:57.261411,209,1.65,2.83,0.091,543,0.53,86,1
3,2,2026-02-03 20:54:57.261421,185,1.68,3.36,0.098,521,0.85,93,1
3,2,2026-02-03 20:59:57.261431,187,2.25,3.09,0.109,583,0.65,100,2
3,2,2026-02-03 21:04:57.261441,158,2.66,4.25,0.136,596,0.92,106,2
3,2,2026-02-03 21:09:57.261451,131,2.43,4.41,0.138,715,0.82,113,2
3,2,2026-02-03 21:14:57.261461,147,2.67,4.06,0.164,744,1.04,120,2
3,3,2026-02-03 20:29:57.261478,243,0.58,2.15,0.023,291,0.13,60,0
3,3,2026-02-03 20:34:57.261488,236,0.75,2.02,0.047,378,0.19,66,0
3,3,2026-02-03 20:39:57.261498,219,0.83,2.78,0.061,351,0.54,73,0
3,3,2026-02-03 20:44:57.261508,202,1.02,1.63,0.067,435,0.37,80,1
3,3,2026-02-03 20:49:57.261518,206,1.51,2.66,0.093,436,0.48,86,1
3,3,2026-02-03 20:54:57.261528,188,2.06,3.27,0.116,533,0.68,93,1
3,3,2026-02-03 20:59:57.261538,180,2.21,3.02,0.117,550,0.7,100,2
3,3,2026-02-03 21:04:57.261549,149,2.42,4.32,0.126,613,0.57,106,2
3,3,2026-02-03 21:09:57.261561,152,2.79,3.97,0.132,743,0.75,113,2
3,3,2026-02-03 21:14:57.261572,134,2.81,4.32,0.176,681,1.09,120,2
3,4,2026-02-03 20:29:57.261592,248,0.54,2.08,0.02,360,0.4,60,0
3,4,2026-02-03 20:34:57.261603,239,0.69,2.59,0.037,377,0.49,66,0
3,4,2026-02-03 20:39:57.261613,229,0.83,1.92,0.046,397,0.53,73,0
3,4,2026-02-03 20:44:57.261624,207,1.4,3.01,0.084,426,0.6,80,1
3,4,2026-02-03 20:49:57.261634,208,1.37,3.08,0.094,496,0.7,86,1
3,4,2026-02-03 20:54:57.261644,180,1.91,2.42,0.093,489,0.49,93,1
3,4,2026-02-03 20:59:57.261654,185,2.0,3.08,0.104,557,0.57,100,2
3,4,2026-02-03 21:04:57.261664,150,2.48,3.98,0.13,590,0.99,106,2
3,4,2026-02-03 21:09:57.261674,153,2.66,3.94,0.149,654,0.72,113,2
3,4,2026-02-03 21:14:57.261684,114,3.29,4.59,0.152,741,0.96,120,2
4,0,2026-02-03 20:29:57.261701,255,0.67,2.6,0.017,311,0.28,60,0
4,0,2026-02-03 20:34:57.261712,242,0.77,1.66,0.027,314,0.26,66,0
4,0,2026-02-03 20:39:57.261722,225,1.33,2.3,0.068,412,0.37,73,0
4,0,2026-02-03 20:44:57.261732,194,1.31,2.83,0.068,436,0.37,80,1
4,0,2026-02-03 20:49:57.261742,190,1.68,3.03,0.101,475,0.51,86,1
4,0,2026-02-03 20:54:57.261752,183,1.98,3.38,0.105,523,0.64,93,1
4,0,2026-02-03 20:59:57.261763,162,2.03,3.45,0.131,557,0.67,100,2
4,0,2026-02-03 21:04:57.261773,164,2.59,3.5,0.13,602,0.89,106,2
4,0,2026-02-03 21:09:57.261783,136,2.78,4.22,0.176,618,0.89,113,2
4,0,2026-02-03 21:14:57.261793,122,2.93,3.57,0.175,701,0.89,120,2
4,1,2026-02-03 20:29:57.261810,259,0.94,1.79,0.035,249,0.33,60,0
4,1,2026-02-03 20:34:57.261821,236,0.86,1.97,0.029,394,0.31,66,0
4,1,2026-02-03 20:39:57.261833,229,1.38,2.29,0.042,367,0.37,73,0
4,1,2026-02-03 20:44:57.261843,208,1.18,2.88,0.07,440,0.34,80,1
4,1,2026-02-03 20:49:57.261853,199,1.78,3.08,0.075,440,0.64,86,1
4,1,2026-02-03 20:54:57.261864,202,1.84,2.43,0.121,538,0.64,93,1
4,1,2026-02-03 20:59:57.261874,175,1.98,2.78,0.111,569,0.86,100,2
4,1,2026-02-03 21:04:57.261884,153,2.71,4.4,0.125,578,0.74,106,2
4,1,2026-02-03 21:09:57.261895,155,2.75,4.03,0.146,662,0.78,113,2
4,1,2026-02-03 21:14:57.261905,133,3.1,4.66,0.176,676,0.77,120,2
4,2,2026-02-03 20:29:57.261922,231,0.6,1.7,0.042,266,0.38,60,0
4,2,2026-02-03 20:34:57.261932,236,0.83,2.61,0.037,346,0.36,66,0
4,2,2026-02-03 20:39:57.261942,232,1.0,2.8,0.059,406,0.38,73,0
4,2,2026-02-03 20:44:57.261953,207,1.1,2.64,0.066,434,0.5,80,1
4,2,2026-02-03 20:49:57.261963,207,1.71,2.41,0.111,468,0.5,86,1
4,2,2026-02-03 20:54:57.261973,188,1.38,2.1,0.104,503,0.61,93,1
4,2,2026-02-03 20:59:57.261983,170,2.27,4.22,0.102,547,0.41,100,2
4,2,2026-02-03 21:04:57.261993,159,2.5,3.32,0.129,657,0.89,106,2
4,2,2026-02-03 21:09:57.262003,141,3.02,3.61,0.148,643,0.8,113,2
4,2,2026-02-03 21:14:57.262013,122,3.06,3.65,0.164,704,0.9,120,2
4,3,2026-02-03 20:29:57.262032,254,0.74,1.7,0.025,368,0.2,60,0
4,3,2026-02-03 20:34:57.262042,234,0.75,1.54,0.047,309,0.19,66,0
4,3,2026-02-03 20:39:57.262052,228,1.21,2.86,0.053,383,0.39,73,0
4,3,2026-02-03 20:44:57.262063,209,1.51,2.22,0.062,388,0.52,80,1
4,3,2026-02-03 20:49:57.262073,196,1.73,2.39,0.067,539,0.45,86,1
4,3,2026-02-03 20:54:57.262083,182,2.12,3.33,0.095,481,0.47,93,1
4,3,2026-02-03 20:59:57.262093,184,2.12,3.96,0.131,533,0.54,100,2
4,3,2026-02-03 21:04:57.262103,152,2.43,3.89,0.146,633,0.8,106,2
4,3,2026-02-03 21:09:57.262113,156,3.03,3.63,0.141,657,0.84,113,2
4,3,2026-02-03 21:14:57.262123,147,2.95,3.58,0.171,689,0.92,120,2
4,4,2026-02-03 20:29:57.262140,236,0.31,1.33,0.027,334,0.25,60,0
4,4,2026-02-03 20:34:57.262152,232,0.83,2.48,0.03,374,0.29,66,0
4,4,2026-02-03 20:39:57.262162,209,1.36,2.17,0.056,361,0.5,73,0
4,4,2026-02-03 20:44:57.262172,222,1.22,3.17,0.07,414,0.59,80,1
4,4,2026-02-03 20:49:57.262182,197,1.66,3.03,0.094,495,0.48,86,1
4,4,2026-02-03 20:54:57.262193,186,2.0,2.84,0.101,490,0.44,93,1
4,4,2026-02-03 20:59:57.262203,190,1.95,3.86,0.115,556,0.72,100,2
4,4,2026-02-03 21:04:57.262214,155,2.18,3.9,0.146,606,0.79,106,2
4,4,2026-02-03 21:09:57.262224,140,3.04,4.8,0.162,677,0.73,113,2
4,4,2026-02-03 21:14:57.262234,135,3.07,4.98,0.17,711,0.83,120,2
5,0,2026-02-03 20:29:57.262252,244,0.62,1.88,0.025,321,0.53,60,0
5,0,2026-02-03 20:34:57.262262,247,0.4,1.75,0.037,367,0.4,66,0
5,0,2026-02-03 20:39:57.262272,236,1.19,1.93,0.051,388,0.52,73,0
5,0,2026-02-03 20:44:57.262282,200,1.59,2.4,0.066,483,0.54,80,1
5,0,2026-02-03 20:49:57.262293,184,1.7,2.73,0.089,521,0.42,86,1
5,0,2026-02-03 20:54:57.262304,172,1.8,3.61,0.095,574,0.59,93,1
5,0,2026-02-03 20:59:57.262314,172,2.35,3.44,0.137,544,0.82,100,2
5,0,2026-02-03 21:04:57.262324,150,2.48,3.7,0.128,594,0.79,106,2
5,0,2026-02-03 21:09:57.262334,158,3.12,4.46,0.17,684,0.77,113,2
5,0,2026-02-03 21:14:57.262344,138,3.0,3.62,0.183,694,0.85,120,2
5,1,2026-02-03 20:29:57.262362,256,0.69,2.37,0.001,324,0.26,60,0
5,1,2026-02-03 20:34:57.262372,227,0.61,1.44,0.035,389,0.43,66,0
5,1,2026-02-03 20:39:57.262382,213,1.43,2.88,0.05,396,0.55,73,0
5,1,2026-02-03 20:44:57.262392,206,1.57,2.95,0.051,418,0.39,80,1
5,1,2026-02-03 20:49:57.262402,198,1.26,2.21,0.097,471,0.53,86,1
5,1,2026-02-03 20:54:57.262412,187,1.85,3.07,0.117,521,0.81,93,1
5,1,2026-02-03 20:59:57.262423,186,2.08,3.73,0.124,533,0.74,100,2
5,1,2026-02-03 21:04:57.262434,150,2.52,3.12,0.138,608,0.75,106,2
5,1,2026-02-03 21:09:57.262444,134,2.56,4.42,0.145,627,0.8,113,2
5,1,2026-02-03 21:14:57.262455,145,2.89,3.48,0.17,627,0.99,120,2
5,2,2026-02-03 20:29:57.262472,257,0.44,0.97,0.022,302,0.37,60,0
5,2,2026-02-03 20:34:57.262483,237,0.76,1.65,0.031,368,0.24,66,0
5,2,2026-02-03 20:39:57.262494,226,0.78,1.98,0.054,399,0.35,73,0
5,2,2026-02-03 20:44:57.262504,206,1.25,2.13,0.065,439,0.61,80,1
5,2,2026-02-03 20:49:57.262514,186,1.62,3.41,0.084,482,0.6,86,1
5,2,2026-02-03 20:54:57.262524,201,1.87,3.1,0.095,535,0.72,93,1
5,2,2026-02-03 20:59:57.262535,146,1.96,3.44,0.113,568,0.84,100,2
5,2,2026-02-03 21:04:57.262545,157,2.31,3.99,0.136,591,0.69,106,2
5,2,2026-02-03 21:09:57.262555,138,2.53,4.17,0.139,658,0.8,113,2
5,2,2026-02-03 21:14:57.262565,135,3.06,4.72,0.17,726,0.89,120,2
5,3,2026-02-03 20:29:57.262582,248,1.14,1.8,0.03,315,0.43,60,0
5,3,2026-02-03 20:34:57.262592,230,0.41,2.1,0.039,400,0.47,66,0
5,3,2026-02-03 20:39:57.262602,218,1.31,3.18,0.041,392,0.53,73,0
5,3,2026-02-03 20:44:57.262612,216,1.5,3.36,0.066,423,0.46,80,1
5,3,2026-02-03 20:49:57.262622,187,1.7,2.86,0.079,483,0.59,86,1
5,3,2026-02-03 20:54:57.262632,185,1.99,3.12,0.103,490,0.68,93,1
5,3,2026-02-03 20:59:57.262643,168,2.36,3.1,0.12,558,0.88,100,2
5,3,2026-02-03 21:04:57.262653,158,2.28,4.07,0.143,616,0.9,106,2
5,3,2026-02-03 21:09:57.262672,133,2.95,4.16,0.152,694,0.82,113,2
5,3,2026-02-03 21:14:57.262683,107,2.9,3.66,0.18,725,0.95,120,2
5,4,2026-02-03 20:29:57.262704,247,0.43,1.14,0.013,239,0.38,60,0
5,4,2026-02-03 20:34:57.262714,249,0.47,2.23,0.049,356,0.36,66,0
5,4,2026-02-03 20:39:57.262725,214,1.12,2.63,0.065,355,0.39,73,0
5,4,2026-02-03 20:44:57.262736,215,1.23,2.69,0.078,437,0.69,80,1
5,4,2026-02-03 20:49:57.262746,186,1.48,2.03,0.097,438,0.64,86,1
5,4,2026-02-03 20:54:57.262756,190,1.65,3.51,0.112,542,0.82,93,1
5,4,2026-02-03 20:59:57.262767,168,1.97,3.16,0.121,599,0.73,100,2
5,4,2026-02-03 21:04:57.262778,156,2.41,2.97,0.127,621,0.79,106,2
5,4,2026-02-03 21:09:57.262788,150,2.64,3.58,0.155,665,0.92,113,2
5,4,2026-02-03 21:14:57.262798,124,3.13,3.8,0.166,711,1.08,120,2
6,0,2026-02-03 20:29:57.262816,247,0.43,0.95,0.001,291,0.14,60,0
6,0,2026-02-03 20:34:57.262826,244,0.99,1.56,0.028,372,0.54,66,0
6,0,2026-02-03 20:39:57.262836,222,1.02,2.71,0.054,374,0.36,73,0
6,0,2026-02-03 20:44:57.262846,210,1.4,2.07,0.082,462,0.55,80,1
6,0,2026-02-03 20:49:57.262856,198,1.81,3.09,0.069,457,0.71,86,1
6,0,2026-02-03 20:54:57.262866,179,2.07,3.24,0.106,570,0.76,93,1
6,0,2026-02-03 20:59:57.262876,186,2.32,3.18,0.11,567,0.67,100,2
6,0,2026-02-03 21:04:57.262886,132,2.53,3.93,0.138,612,0.94,106,2
6,0,2026-02-03 21:09:57.262896,137,2.76,3.64,0.149,589,0.81,113,2
6,0,2026-02-03 21:14:57.262907,109,3.09,4.01,0.158,702,0.75,120,2
6,1,2026-02-03 20:29:57.262925,246,0.35,2.05,0.025,381,0.34,60,0
6,1,2026-02-03 20:34:57.262934,234,0.62,2.05,0.035,334,0.29,66,0
6,1,2026-02-03 20:39:57.262945,234,1.06,2.3,0.049,369,0.3,73,0
6,1,2026-02-03 20:44:57.262955,191,1.5,3.07,0.068,385,0.59,80,1
6,1,2026-02-03 20:49:57.262965,191,1.64,2.53,0.088,459,0.5,86,1
6,1,2026-02-03 20:54:57.262976,186,1.72,2.77,0.081,515,0.53,93,1
6,1,2026-02-03 20:59:57.262986,168,2.18,2.8,0.125,561,0.82,100,2
6,1,2026-02-03 21:04:57.262996,168,2.68,3.2,0.119,632,0.79,106,2
6,1,2026-02-03 21:09:57.263009,152,2.78,4.37,0.154,633,0.66,113,2
6,1,2026-02-03 21:14:57.263019,123,3.54,4.11,0.165,704,0.8,120,2
6,2,2026-02-03 20:29:57.263037,262,0.33,1.81,0.025,325,0.48,60,0
6,2,2026-02-03 20:34:57.263047,229,0.59,2.27,0.026,386,0.34,66,0
6,2,2026-02-03 20:39:57.263057,226,1.11,2.98,0.035,368,0.25,73,0
6,2,2026-02-03 20:44:57.263067,221,1.65,3.18,0.078,400,0.46,80,1
6,2,2026-02-03 20:49:57.263077,185,1.57,3.41,0.077,464,0.57,86,1
6,2,2026-02-03 20:54:57.263087,181,1.61,2.22,0.115,471,0.55,93,1
6,2,2026-02-03 20:59:57.263097,179,2.49,3.54,0.139,552,0.7,100,2
6,2,2026-02-03 21:04:57.263107,145,2.45,4.4,0.132,598,0.76,106,2
6,2,2026-02-03 21:09:57.263117,142,2.65,3.39,0.135,644,0.82,113,2
6,2,2026-02-03 21:14:57.263127,132,3.05,4.79,0.179,696,0.94,120,2
6,3,2026-02-03 20:29:57.263145,234,0.27,1.58,0.022,264,0.46,60,0
6,3,2026-02-03 20:34:57.263154,239,0.73,1.68,0.049,320,0.3,66,0
6,3,2026-02-03 20:39:57.263164,221,0.96,1.87,0.054,403,0.53,73,0
6,3,2026-02-03 20:44:57.263174,191,1.3,2.74,0.059,357,0.47,80,1
6,3,2026-02-03 20:49:57.263185,207,2.0,3.43,0.082,439,0.56,86,1
6,3,2026-02-03 20:54:57.263195,177,1.58,3.53,0.106,529,0.68,93,1
6,3,2026-02-03 20:59:57.263205,180,2.19,2.89,0.116,575,0.63,100,2
6,3,2026-02-03 21:04:57.263214,165,2.42,4.39,0.125,644,0.76,106,2
6,3,2026-02-03 21:09:57.263224,125,2.97,3.9,0.16,633,0.86,113,2
6,3,2026-02-03 21:14:57.263235,105,3.54,5.34,0.167,698,0.93,120,2
6,4,2026-02-03 20:29:57.263252,255,0.63,1.99,0.032,293,0.29,60,0
6,4,2026-02-03 20:34:57.263262,246,1.24,3.13,0.039,343,0.33,66,0
6,4,2026-02-03 20:39:57.263272,234,1.25,2.79,0.049,366,0.55,73,0
6,4,2026-02-03 20:44:57.263283,204,1.15,3.09,0.063,461,0.55,80,1
6,4,2026-02-03 20:49:57.263294,203,1.71,3.32,0.091,459,0.64,86,1
6,4,2026-02-03 20:54:57.263304,195,2.01,3.43,0.108,521,0.55,93,1
6,4,2026-02-03 20:59:57.263314,168,2.02,3.13,0.118,550,0.71,100,2
6,4,2026-02-03 21:04:57.263324,155,2.45,3.4,0.143,611,0.68,106,2
6,4,2026-02-03 21:09:57.263334,149,2.91,3.49,0.152,634,0.73,113,2
6,4,2026-02-03 21:14:57.263344,122,3.17,5.06,0.164,724,0.88,120,2
7,0,2026-02-03 20:29:57.263361,247,0.1,0.94,0.021,300,0.13,60,0
7,0,2026-02-03 20:34:57.263371,248,0.61,2.44,0.04,253,0.39,66,0
7,0,2026-02-03 20:39:57.263381,241,1.3,1.91,0.042,412,0.52,73,0
7,0,2026-02-03 20:44:57.263392,215,1.38,2.66,0.084,445,0.45,80,1
7,0,2026-02-03 20:49:57.263402,196,1.26,2.19,0.09,449,0.5,86,1
7,0,2026-02-03 20:54:57.263412,183,2.08,2.67,0.093,546,0.55,93,1
7,0,2026-02-03 20:59:57.263422,163,2.11,3.15,0.127,552,0.8,100,2
7,0,2026-02-03 21:04:57.263433,150,2.41,4.27,0.146,622,0.76,106,2
7,0,2026-02-03 21:09:57.263444,145,2.61,3.85,0.169,615,0.89,113,2
7,0,2026-02-03 21:14:57.263455,121,3.04,4.68,0.171,702,0.92,120,2
7,1,2026-02-03 20:29:57.263472,243,0.44,2.11,0.016,304,0.34,60,0
7,1,2026-02-03 20:34:57.263482,235,0.21,1.4,0.037,327,0.24,66,0
7,1,2026-02-03 20:39:57.263492,218,1.03,2.68,0.066,379,0.39,73,0
7,1,2026-02-03 20:44:57.263503,214,1.26,3.08,0.091,453,0.39,80,1
7,1,2026-02-03 20:49:57.263513,181,1.77,2.47,0.099,502,0.67,86,1
7,1,2026-02-03 20:54:57.263523,169,2.2,3.0,0.096,512,0.69,93,1
7,1,2026-02-03 20:59:57.263533,164,2.13,2.8,0.103,570,0.55,100,2
7,1,2026-02-03 21:04:57.263543,145,2.4,3.51,0.11,683,0.85,106,2
7,1,2026-02-03 21:09:57.263554,143,2.67,4.62,0.174,662,0.94,113,2
7,1,2026-02-03 21:14:57.263564,122,3.02,4.98,0.185,720,0.96,120,2
7,2,2026-02-03 20:29:57.263581,246,0.39,0.92,0.03,277,0.08,60,0
7,2,2026-02-03 20:34:57.263591,239,0.98,2.94,0.023,349,0.39,66,0
7,2,2026-02-03 20:39:57.263601,221,1.35,2.45,0.049,383,0.36,73,0
7,2,2026-02-03 20:44:57.263611,202,1.67,2.88,0.069,433,0.52,80,1
7,2,2026-02-03 20:49:57.263621,184,1.49,2.28,0.09,447,0.61,86,1
7,2,2026-02-03 20:54:57.263632,197,1.95,3.4,0.1,569,0.53,93,1
7,2,2026-02-03 20:59:57.263642,161,1.92,3.8,0.117,511,0.73,100,2
7,2,2026-02-03 21:04:57.263652,162,2.23,4.17,0.135,562,0.79,106,2
7,2,2026-02-03 21:09:57.263662,163,2.72,3.33,0.162,637,1.05,113,2
7,2,2026-02-03 21:14:57.263672,111,2.89,3.64,0.169,657,0.87,120,2
7,3,2026-02-03 20:29:57.263689,245,0.62,2.56,0.02,309,0.26,60,0
7,3,2026-02-03 20:34:57.263699,220,0.63,2.06,0.038,357,0.37,66,0
7,3,2026-02-03 20:39:57.263713,216,1.15,2.37,0.044,413,0.57,73,0
7,3,2026-02-03 20:44:57.263723,221,1.38,3.04,0.058,423,0.5,80,1
7,3,2026-02-03 20:49:57.263733,184,1.73,2.71,0.091,499,0.55,86,1
7,3,2026-02-03 20:54:57.263743,174,1.88,3.37,0.098,511,0.57,93,1
7,3,2026-02-03 20:59:57.263753,177,2.13,4.12,0.107,518,0.72,100,2
7,3,2026-02-03 21:04:57.263763,158,2.46,3.5,0.143,590,0.85,106,2
7,3,2026-02-03 21:09:57.263773,123,2.9,4.38,0.146,637,0.68,113,2
7,3,2026-02-03 21:14:57.263783,130,3.04,3.96,0.168,703,0.96,120,2
7,4,2026-02-03 20:29:57.263800,269,0.19,1.47,0.012,328,0.38,60,0
7,4,2026-02-03 20:34:57.263810,233,1.06,2.27,0.033,300,0.37,66,0
7,4,2026-02-03 20:39:57.263821,210,1.13,2.13,0.05,402,0.43,73,0
7,4,2026-02-03 20:44:57.263831,217,1.59,3.34,0.066,470,0.39,80,1
7,4,2026-02-03 20:49:57.263842,203,1.85,2.58,0.088,509,0.51,86,1
7,4,2026-02-03 20:54:57.263852,166,2.03,2.61,0.078,489,0.52,93,1
7,4,2026-02-03 20:59:57.263863,176,1.94,3.55,0.117,600,0.59,100,2
7,4,2026-02-03 21:04:57.263872,144,2.62,3.39,0.142,634,0.74,106,2
7,4,2026-02-03 21:09:57.263883,137,3.01,4.4,0.147,662,1.01,113,2
7,4,2026-02-03 21:14:57.263893,133,3.1,4.48,0.164,719,0.75,120,2
8,0,2026-02-03 20:29:57.263911,260,0.3,1.94,0.02,271,0.07,60,0
8,0,2026-02-03 20:34:57.263923,238,0.99,2.18,0.047,351,0.42,66,0
8,0,2026-02-03 20:39:57.263986,229,1.14,2.05,0.048,405,0.3,73,0
8,0,2026-02-03 20:44:57.264008,197,1.54,2.88,0.079,433,0.57,80,1
8,0,2026-02-03 20:49:57.264020,185,1.53,3.21,0.08,521,0.56,86,1
8,0,2026-02-03 20:54:57.264031,187,2.04,3.77,0.093,537,0.64,93,1
8,0,2026-02-03 20:59:57.264042,170,2.03,3.61,0.118,574,0.72,100,2
8,0,2026-02-03 21:04:57.264053,170,2.25,4.05,0.134,596,0.68,106,2
8,0,2026-02-03 21:09:57.264063,150,2.64,4.15,0.147,678,0.94,113,2
8,0,2026-02-03 21:14:57.264074,149,3.01,3.94,0.164,669,0.76,120,2
8,1,2026-02-03 20:29:57.264175,234,0.72,2.32,0.013,295,0.23,60,0
8,1,2026-02-03 20:34:57.264188,245,1.14,2.14,0.03,339,0.31,66,0
8,1,2026-02-03 20:39:57.264199,224,1.16,2.67,0.041,404,0.59,73,0
8,1,2026-02-03 20:44:57.264209,205,1.27,2.18,0.065,443,0.5,80,1
8,1,2026-02-03 20:49:57.264219,196,1.46,2.23,0.102,459,0.5,86,1
8,1,2026-02-03 20:54:57.264230,200,1.67,2.57,0.087,519,0.49,93,1
8,1,2026-02-03 20:59:57.264240,160,1.97,3.46,0.121,578,0.69,100,2
8,1,2026-02-03 21:04:57.264250,158,2.48,3.92,0.129,572,0.85,106,2
8,1,2026-02-03 21:09:57.264261,151,2.49,4.05,0.138,683,0.9,113,2
8,1,2026-02-03 21:14:57.264275,114,2.96,4.34,0.173,731,1.02,120,2
8,2,2026-02-03 20:29:57.264300,247,0.49,1.86,0.017,251,0.29,60,0
8,2,2026-02-03 20:34:57.264310,241,0.7,2.21,0.041,343,0.35,66,0
8,2,2026-02-03 20:39:57.264320,225,0.98,2.85,0.037,375,0.6,73,0
8,2,2026-02-03 20:44:57.264331,205,1.34,2.76,0.069,394,0.57,80,1
8,2,2026-02-03 20:49:57.264342,191,1.66,2.46,0.09,494,0.5,86,1
8,2,2026-02-03 20:54:57.264352,174,2.23,3.64,0.1,504,0.66,93,1
8,2,2026-02-03 20:59:57.264362,174,2.26,4.16,0.106,572,0.84,100,2
8,2,2026-02-03 21:04:57.264372,163,2.48,3.08,0.154,631,0.75,106,2
8,2,2026-02-03 21:09:57.264382,154,3.19,4.09,0.161,647,0.94,113,2
8,2,2026-02-03 21:14:57.264392,136,3.43,4.3,0.162,681,1.07,120,2
8,3,2026-02-03 20:29:57.264411,269,0.35,2.25,0.015,246,0.23,60,0
8,3,2026-02-03 20:34:57.264421,236,0.94,1.6,0.037,329,0.51,66,0
8,3,2026-02-03 20:39:57.264431,210,1.22,1.96,0.059,357,0.45,73,0
8,3,2026-02-03 20:44:57.264441,211,1.19,2.12,0.073,400,0.42,80,1
8,3,2026-02-03 20:49:57.264451,226,1.86,2.9,0.097,463,0.5,86,1
8,3,2026-02-03 20:54:57.264461,193,1.66,2.92,0.09,515,0.55,93,1
8,3,2026-02-03 20:59:57.264472,171,2.76,3.55,0.124,592,0.72,100,2
8,3,2026-02-03 21:04:57.264482,158,2.37,3.79,0.153,625,0.67,106,2
8,3,2026-02-03 21:09:57.264492,148,2.54,3.38,0.154,707,0.81,113,2
8,3,2026-02-03 21:14:57.264502,134,2.84,3.67,0.167,772,0.94,120,2
8,4,2026-02-03 20:29:57.264519,236,0.39,1.22,0.021,313,0.09,60,0
8,4,2026-02-03 20:34:57.264530,250,1.05,2.59,0.013,318,0.42,66,0
8,4,2026-02-03 20:39:57.264541,196,1.06,2.87,0.059,455,0.46,73,0
8,4,2026-02-03 20:44:57.264551,200,1.27,1.98,0.062,403,0.57,80,1
8,4,2026-02-03 20:49:57.264561,205,1.56,2.37,0.06,485,0.56,86,1
8,4,2026-02-03 20:54:57.264575,175,2.29,3.82,0.113,530,0.81,93,1
8,4,2026-02-03 20:59:57.264586,173,2.24,4.0,0.099,561,0.68,100,2
8,4,2026-02-03 21:04:57.264597,170,2.51,4.33,0.134,587,0.76,106,2
8,4,2026-02-03 21:09:57.264607,155,2.63,4.48,0.151,683,0.88,113,2
8,4,2026-02-03 21:14:57.264617,130,3.04,3.65,0.164,736,0.85,120,2
9,0,2026-02-03 20:29:57.264636,231,0.62,1.45,0.007,255,0.28,60,0
9,0,2026-02-03 20:34:57.264646,230,1.13,2.62,0.034,363,0.25,66,0
9,0,2026-02-03 20:39:57.264656,221,1.05,2.76,0.056,434,0.57,73,0
9,0,2026-02-03 20:44:57.264667,214,1.48,2.76,0.076,445,0.41,80,1
9,0,2026-02-03 20:49:57.264677,210,1.75,2.5,0.088,474,0.6,86,1
9,0,2026-02-03 20:54:57.264687,185,2.0,3.48,0.118,527,0.73,93,1
9,0,2026-02-03 20:59:57.264697,159,2.25,3.46,0.11,594,0.64,100,2
9,0,2026-02-03 21:04:57.264709,146,2.29,3.43,0.13,611,0.86,106,2
9,0,2026-02-03 21:09:57.264719,134,3.03,4.76,0.164,673,0.93,113,2
9,0,2026-02-03 21:14:57.264729,119,3.02,4.47,0.169,664,0.81,120,2
9,1,2026-02-03 20:29:57.264746,255,0.31,1.14,0.005,318,0.4,60,0
9,1,2026-02-03 20:34:57.264757,242,0.92,1.7,0.044,352,0.31,66,0
9,1,2026-02-03 20:39:57.264767,213,0.66,1.21,0.05,403,0.38,73,0
9,1,2026-02-03 20:44:57.264777,210,1.09,2.94,0.082,423,0.57,80,1
9,1,2026-02-03 20:49:57.264787,200,1.67,2.54,0.08,481,0.68,86,1
9,1,2026-02-03 20:54:57.264797,175,1.96,3.96,0.106,491,0.61,93,1
9,1,2026-02-03 20:59:57.264808,169,2.14,3.82,0.102,585,0.58,100,2
9,1,2026-02-03 21:04:57.264818,163,2.71,3.27,0.143,622,0.88,106,2
9,1,2026-02-03 21:09:57.264829,163,2.93,4.73,0.17,708,1.01,113,2
9,1,2026-02-03 21:14:57.264839,125,2.73,4.13,0.164,711,0.69,120,2
9,2,2026-02-03 20:29:57.264857,256,0.68,2.07,0.019,280,0.42,60,0
9,2,2026-02-03 20:34:57.264867,248,0.89,1.64,0.035,403,0.37,66,0
9,2,2026-02-03 20:39:57.264877,233,1.32,2.23,0.057,358,0.31,73,0
9,2,2026-02-03 20:44:57.264887,213,1.25,2.75,0.088,423,0.53,80,1
9,2,2026-02-03 20:49:57.264897,212,1.78,3.54,0.077,569,0.46,86,1
9,2,2026-02-03 20:54:57.264908,180,1.56,3.44,0.109,574,0.79,93,1
9,2,2026-02-03 20:59:57.264917,165,2.14,2.69,0.112,562,0.79,100,2
9,2,2026-02-03 21:04:57.264928,159,2.51,3.33,0.145,629,0.69,106,2
9,2,2026-02-03 21:09:57.264938,152,2.6,4.6,0.156,657,0.95,113,2
9,2,2026-02-03 21:14:57.264948,128,2.96,3.56,0.165,693,0.83,120,2
9,3,2026-02-03 20:29:57.264965,248,0.19,1.09,0.003,286,0.24,60,0
9,3,2026-02-03 20:34:57.264975,247,0.57,1.26,0.029,321,0.24,66,0
9,3,2026-02-03 20:39:57.264985,218,1.09,1.91,0.05,398,0.52,73,0
9,3,2026-02-03 20:44:57.264996,206,0.95,2.3,0.068,422,0.53,80,1
9,3,2026-02-03 20:49:57.265006,198,2.15,2.87,0.072,501,0.48,86,1
9,3,2026-02-03 20:54:57.265017,183,1.51,3.24,0.099,518,0.57,93,1
9,3,2026-02-03 20:59:57.265028,187,2.1,3.46,0.131,587,0.66,100,2
9,3,2026-02-03 21:04:57.265037,164,2.69,4.67,0.138,602,0.85,106,2
9,3,2026-02-03 21:09:57.265047,142,2.44,4.05,0.12,611,0.79,113,2
9,3,2026-02-03 21:14:57.265057,140,2.95,3.94,0.181,746,0.87,120,2
9,4,2026-02-03 20:29:57.265074,247,0.44,2.37,0.023,262,0.26,60,0
9,4,2026-02-03 20:34:57.265084,263,0.53,1.86,0.043,388,0.25,66,0
9,4,2026-02-03 20:39:57.265095,225,0.84,1.62,0.044,367,0.48,73,0
9,4,2026-02-03 20:44:57.265105,205,1.41,3.36,0.068,400,0.52,80,1
9,4,2026-02-03 20:49:57.265115,208,1.51,2.56,0.088,452,0.61,86,1
9,4,2026-02-03 20:54:57.265135,188,1.99,2.82,0.094,534,0.6,93,1
9,4,2026-02-03 20:59:57.265149,161,1.99,2.49,0.123,577,0.84,100,2
9,4,2026-02-03 21:04:57.265159,163,2.42,3.45,0.125,610,0.68,106,2
9,4,2026-02-03 21:09:57.265169,133,2.59,3.45,0.153,682,0.99,113,2
9,4,2026-02-03 21:14:57.265179,127,2.99,4.13,0.158,684,1.04,120,2
10,0,2026-02-03 20:29:57.265200,246,0.58,1.13,0.014,266,0.54,60,0
10,0,2026-02-03 20:34:57.265210,238,0.78,2.03,0.046,281,0.54,66,0
10,0,2026-02-03 20:39:57.265222,220,1.11,1.65,0.038,379,0.46,73,0
10,0,2026-02-03 20:44:57.265232,201,1.17,2.24,0.065,419,0.63,80,1
10,0,2026-02-03 20:49:57.265242,191,1.68,3.34,0.094,444,0.64,86,1
10,0,2026-02-03 20:54:57.265252,184,1.76,2.29,0.102,525,0.76,93,1
10,0,2026-02-03 20:59:57.265262,162,2.32,3.34,0.125,572,0.77,100,2
10,0,2026-02-03 21:04:57.265272,142,2.21,3.98,0.148,584,0.86,106,2
10,0,2026-02-03 21:09:57.265282,152,3.02,5.01,0.142,617,0.82,113,2
10,0,2026-02-03 21:14:57.265294,122,2.84,4.59,0.157,719,0.88,120,2
10,1,2026-02-03 20:29:57.265312,253,0.27,1.0,0.019,314,0.14,60,0
10,1,2026-02-03 20:34:57.265322,236,1.19,2.82,0.033,358,0.52,66,0
10,1,2026-02-03 20:39:57.265333,213,1.41,2.51,0.051,406,0.32,73,0
10,1,2026-02-03 20:44:57.265343,219,1.23,2.24,0.065,470,0.47,80,1
10,1,2026-02-03 20:49:57.265353,200,1.5,2.8,0.086,422,0.64,86,1
10,1,2026-02-03 20:54:57.265363,167,1.65,2.32,0.101,549,0.64,93,1
10,1,2026-02-03 20:59:57.265373,182,2.0,3.49,0.139,590,0.68,100,2
10,1,2026-02-03 21:04:57.265384,165,2.54,3.2,0.142,577,1.01,106,2
10,1,2026-02-03 21:09:57.265394,158,2.84,3.39,0.158,717,0.66,113,2
10,1,2026-02-03 21:14:57.265405,135,2.99,4.01,0.175,687,1.09,120,2
10,2,2026-02-03 20:29:57.265422,255,0.23,1.11,0.001,330,0.34,60,0
10,2,2026-02-03 20:34:57.265433,241,0.34,1.38,0.033,326,0.47,66,0
10,2,2026-02-03 20:39:57.265445,208,0.49,2.25,0.048,349,0.48,73,0
10,2,2026-02-03 20:44:57.265455,214,1.17,2.12,0.048,439,0.54,80,1
10,2,2026-02-03 20:49:57.265465,191,1.62,2.83,0.075,468,0.58,86,1
10,2,2026-02-03 20:54:57.265475,183,2.23,2.83,0.108,493,0.61,93,1
10,2,2026-02-03 20:59:57.265485,176,2.2,3.69,0.118,547,0.48,100,2
10,2,2026-02-03 21:04:57.265495,168,2.53,3.95,0.141,569,0.7,106,2
10,2,2026-02-03 21:09:57.265507,140,2.57,3.69,0.165,694,0.82,113,2
10,2,2026-02-03 21:14:57.265518,123,2.92,4.66,0.167,697,0.85,120,2
10,3,2026-02-03 20:29:57.265537,234,0.56,1.81,0.024,292,0.44,60,0
10,3,2026-02-03 20:34:57.265547,250,1.07,2.37,0.031,322,0.55,66,0
10,3,2026-02-03 20:39:57.265557,231,1.17,1.89,0.055,426,0.41,73,0
10,3,2026-02-03 20:44:57.265567,221,1.48,2.36,0.068,431,0.62,80,1
10,3,2026-02-03 20:49:57.265577,177,1.64,3.0,0.084,475,0.72,86,1
10,3,2026-02-03 20:54:57.265587,176,2.15,3.86,0.092,518,0.69,93,1
10,3,2026-02-03 20:59:57.265597,162,2.34,4.33,0.121,556,0.83,100,2
10,3,2026-02-03 21:04:57.265607,167,2.53,3.36,0.125,624,0.58,106,2
10,3,2026-02-03 21:09:57.265617,131,2.67,3.43,0.168,641,0.75,113,2
10,3,2026-02-03 21:14:57.265627,127,2.77,3.62,0.173,714,0.86,120,2
10,4,2026-02-03 20:29:57.265645,248,0.65,1.23,0.021,284,0.26,60,0
10,4,2026-02-03 20:34:57.265655,235,0.74,2.42,0.037,341,0.36,66,0
10,4,2026-02-03 20:39:57.265665,206,1.35,3.31,0.036,399,0.33,73,0
10,4,2026-02-03 20:44:57.265675,219,1.28,2.6,0.078,430,0.44,80,1
10,4,2026-02-03 20:49:57.265685,200,1.71,2.55,0.093,461,0.37,86,1
10,4,2026-02-03 20:54:57.265696,177,2.02,2.6,0.096,435,0.6,93,1
10,4,2026-02-03 20:59:57.265706,159,1.84,3.13,0.123,531,0.76,100,2
10,4,2026-02-03 21:04:57.265717,163,2.41,3.31,0.135,576,0.59,106,2
10,4,2026-02-03 21:09:57.265728,139,2.75,3.3,0.169,629,0.89,113,2
10,4,2026-02-03 21:14:57.265738,118,3.1,4.94,0.167,669,0.82,120,2
11,0,2026-02-03 20:29:57.265756,235,0.4,1.91,0.025,329,0.26,60,0
11,0,2026-02-03 20:34:57.265766,248,0.87,1.91,0.03,308,0.46,66,0
11,0,2026-02-03 20:39:57.265777,232,1.42,3.22,0.051,334,0.3,73,0
11,0,2026-02-03 20:44:57.265787,227,0.97,2.32,0.062,422,0.54,80,1
11,0,2026-02-03 20:49:57.265798,198,1.7,3.43,0.101,486,0.63,86,1
11,0,2026-02-03 20:54:57.265808,176,2.01,2.66,0.099,549,0.68,93,1
11,0,2026-02-03 20:59:57.265818,181,1.93,3.32,0.136,594,0.53,100,2
11,0,2026-02-03 21:04:57.265828,174,2.63,3.47,0.129,579,0.84,106,2
11,0,2026-02-03 21:09:57.265838,157,2.86,3.69,0.164,665,0.8,113,2
11,0,2026-02-03 21:14:57.265848,108,2.96,4.16,0.175,667,1.09,120,2
11,1,2026-02-03 20:29:57.265865,237,0.54,1.48,0.022,302,0.46,60,0
11,1,2026-02-03 20:34:57.265875,256,0.62,1.25,0.037,294,0.47,66,0
11,1,2026-02-03 20:39:57.265885,221,1.21,1.92,0.043,419,0.62,73,0
11,1,2026-02-03 20:44:57.265895,212,1.36,2.87,0.072,444,0.51,80,1
11,1,2026-02-03 20:49:57.265905,187,1.47,2.96,0.099,529,0.68,86,1
11,1,2026-02-03 20:54:57.265915,170,1.49,2.19,0.11,529,0.7,93,1
11,1,2026-02-03 20:59:57.265926,167,1.99,3.58,0.116,574,0.57,100,2
11,1,2026-02-03 21:04:57.265935,149,2.45,4.23,0.134,613,0.82,106,2
11,1,2026-02-03 21:09:57.265945,134,2.73,4.05,0.168,607,0.69,113,2
11,1,2026-02-03 21:14:57.265955,124,2.94,3.58,0.164,742,0.65,120,2
11,2,2026-02-03 20:29:57.265975,262,0.57,1.56,0.012,251,0.42,60,0
11,2,2026-02-03 20:34:57.265985,248,0.62,2.07,0.033,350,0.26,66,0
11,2,2026-02-03 20:39:57.265997,234,1.27,2.9,0.053,421,0.51,73,0
11,2,2026-02-03 20:44:57.266008,224,1.24,2.67,0.053,422,0.54,80,1
11,2,2026-02-03 20:49:57.266019,196,1.41,2.79,0.078,480,0.68,86,1
11,2,2026-02-03 20:54:57.266028,206,2.02,3.75,0.091,522,0.57,93,1
11,2,2026-02-03 20:59:57.266038,159,2.33,3.29,0.128,573,0.73,100,2
11,2,2026-02-03 21:04:57.266048,169,2.28,3.74,0.15,570,0.75,106,2
11,2,2026-02-03 21:09:57.266058,148,3.08,4.12,0.15,650,0.91,113,2
11,2,2026-02-03 21:14:57.266068,140,3.24,4.33,0.158,691,1.06,120,2
11,3,2026-02-03 20:29:57.266086,256,0.47,1.35,0.022,270,0.29,60,0
11,3,2026-02-03 20:34:57.266096,240,0.74,2.0,0.032,358,0.27,66,0
11,3,2026-02-03 20:39:57.266106,211,0.72,1.39,0.051,417,0.59,73,0
11,3,2026-02-03 20:44:57.266116,198,1.73,2.32,0.062,445,0.51,80,1
11,3,2026-02-03 20:49:57.266132,195,1.37,2.77,0.069,522,0.48,86,1
11,3,2026-02-03 20:54:57.266143,179,1.67,3.27,0.1,587,0.75,93,1
11,3,2026-02-03 20:59:57.266153,172,2.37,3.39,0.122,608,0.71,100,2
11,3,2026-02-03 21:04:57.266163,148,2.4,3.34,0.145,608,0.76,106,2
11,3,2026-02-03 21:09:57.266174,163,2.45,3.07,0.165,665,0.83,113,2
11,3,2026-02-03 21:14:57.266184,121,3.22,4.9,0.174,705,0.89,120,2
11,4,2026-02-03 20:29:57.266204,254,0.1,1.36,0.022,314,0.44,60,0
11,4,2026-02-03 20:34:57.266214,235,0.66,1.36,0.045,404,0.28,66,0
11,4,2026-02-03 20:39:57.266225,217,1.03,2.43,0.051,413,0.4,73,0
11,4,2026-02-03 20:44:57.266236,195,1.4,2.43,0.082,440,0.64,80,1
11,4,2026-02-03 20:49:57.266246,201,1.83,3.51,0.071,530,0.57,86,1
11,4,2026-02-03 20:54:57.266256,189,1.62,3.06,0.108,483,0.66,93,1
11,4,2026-02-03 20:59:57.266266,171,2.04,3.69,0.105,570,0.64,100,2
11,4,2026-02-03 21:04:57.266276,159,2.2,2.98,0.135,596,0.64,106,2
11,4,2026-02-03 21:09:57.266288,142,2.61,3.88,0.13,645,0.81,113,2
11,4,2026-02-03 21:14:57.266298,131,2.85,3.46,0.17,750,1.09,120,2
12,0,2026-02-03 20:29:57.266316,251,0.7,2.64,0.041,317,0.25,60,0
12,0,2026-02-03 20:34:57.266326,244,0.45,1.49,0.038,373,0.16,66,0
12,0,2026-02-03 20:39:57.266336,234,1.33,2.45,0.027,379,0.44,73,0
12,0,2026-02-03 20:44:57.266346,215,1.15,2.24,0.081,423,0.48,80,1
12,0,2026-02-03 20:49:57.266356,201,1.5,3.02,0.073,557,0.48,86,1
12,0,2026-02-03 20:54:57.266366,170,1.99,3.74,0.1,507,0.5,93,1
12,0,2026-02-03 20:59:57.266377,173,2.15,2.92,0.114,599,0.64,100,2
12,0,2026-02-03 21:04:57.266387,172,2.68,4.39,0.139,587,0.81,106,2
12,0,2026-02-03 21:09:57.266397,156,2.28,3.38,0.155,655,0.87,113,2
12,0,2026-02-03 21:14:57.266407,121,2.8,3.54,0.167,682,0.78,120,2
12,1,2026-02-03 20:29:57.266424,248,0.91,2.04,0.031,248,0.18,60,0
12,1,2026-02-03 20:34:57.266434,239,1.29,2.65,0.023,364,0.29,66,0
12,1,2026-02-03 20:39:57.266449,222,1.02,2.69,0.037,401,0.49,73,0
12,1,2026-02-03 20:44:57.266460,227,1.46,2.88,0.078,399,0.5,80,1
12,1,2026-02-03 20:49:57.266470,191,1.3,2.7,0.068,481,0.57,86,1
12,1,2026-02-03 20:54:57.266480,181,2.09,2.63,0.094,541,0.65,93,1
12,1,2026-02-03 20:59:57.266490,168,1.91,2.55,0.129,630,0.76,100,2
12,1,2026-02-03 21:04:57.266500,131,2.44,2.97,0.137,617,0.87,106,2
12,1,2026-02-03 21:09:57.266510,145,2.9,4.62,0.169,642,0.85,113,2
12,1,2026-02-03 21:14:57.266520,138,2.89,3.69,0.162,675,0.79,120,2
12,2,2026-02-03 20:29:57.266537,271,0.77,1.91,0.013,306,0.15,60,0
12,2,2026-02-03 20:34:57.266547,237,0.63,2.35,0.021,376,0.43,66,0
12,2,2026-02-03 20:39:57.266557,246,0.76,2.25,0.058,394,0.5,73,0
12,2,2026-02-03 20:44:57.266567,206,1.28,2.11,0.075,494,0.5,80,1
12,2,2026-02-03 20:49:57.266579,204,1.45,3.09,0.079,426,0.62,86,1
12,2,2026-02-03 20:54:57.266589,185,2.09,3.74,0.096,492,0.6,93,1
12,2,2026-02-03 20:59:57.266599,181,2.35,3.71,0.12,522,0.63,100,2
12,2,2026-02-03 21:04:57.266609,138,2.7,3.55,0.144,564,0.7,106,2
12,2,2026-02-03 21:09:57.266620,149,2.6,4.46,0.167,634,0.68,113,2
12,2,2026-02-03 21:14:57.266630,118,3.0,3.66,0.163,675,0.79,120,2
12,3,2026-02-03 20:29:57.266647,252,0.54,1.49,0.014,312,0.33,60,0
12,3,2026-02-03 20:34:57.266657,238,0.55,1.8,0.049,349,0.59,66,0
12,3,2026-02-03 20:39:57.266667,219,0.91,2.61,0.052,399,0.55,73,0
12,3,2026-02-03 20:44:57.266677,217,1.5,2.2,0.066,464,0.59,80,1
12,3,2026-02-03 20:49:57.266687,185,1.78,3.59,0.085,531,0.53,86,1
12,3,2026-02-03 20:54:57.266698,193,1.96,3.28,0.1,540,0.55,93,1
12,3,2026-02-03 20:59:57.266712,194,2.22,3.41,0.124,578,0.64,100,2
12,3,2026-02-03 21:04:57.266723,159,2.54,4.09,0.146,637,0.74,106,2
12,3,2026-02-03 21:09:57.266734,137,2.79,3.9,0.154,661,0.69,113,2
12,3,2026-02-03 21:14:57.266744,137,3.2,4.29,0.163,712,0.9,120,2
12,4,2026-02-03 20:29:57.266761,235,0.24,1.26,0.001,328,0.3,60,0
12,4,2026-02-03 20:34:57.266772,247,0.55,2.52,0.037,339,0.36,66,0
12,4,2026-02-03 20:39:57.266782,233,1.4,2.52,0.067,377,0.48,73,0
12,4,2026-02-03 20:44:57.266792,205,1.13,2.32,0.088,459,0.42,80,1
12,4,2026-02-03 20:49:57.266802,176,1.64,3.03,0.087,478,0.54,86,1
12,4,2026-02-03 20:54:57.266812,189,1.61,2.11,0.099,500,0.69,93,1
12,4,2026-02-03 20:59:57.266823,173,2.2,3.35,0.12,535,0.58,100,2
12,4,2026-02-03 21:04:57.266833,141,2.74,3.41,0.145,648,0.72,106,2
12,4,2026-02-03 21:09:57.266843,136,2.33,3.84,0.165,656,0.81,113,2
12,4,2026-02-03 21:14:57.266854,145,3.0,4.98,0.173,675,0.98,120,2
13,0,2026-02-03 20:29:57.266873,252,0.5,2.29,0.023,283,0.16,60,0
13,0,2026-02-03 20:34:57.266883,231,0.67,2.41,0.047,320,0.29,66,0
13,0,2026-02-03 20:39:57.266893,205,1.15,2.28,0.063,379,0.43,73,0
13,0,2026-02-03 20:44:57.266903,219,1.19,3.12,0.067,428,0.47,80,1
13,0,2026-02-03 20:49:57.266913,186,1.38,2.13,0.083,486,0.48,86,1
13,0,2026-02-03 20:54:57.266924,186,1.99,3.31,0.099,539,0.59,93,1
13,0,2026-02-03 20:59:57.266934,172,2.12,2.64,0.136,568,0.64,100,2
13,0,2026-02-03 21:04:57.266944,147,2.27,3.36,0.122,574,0.78,106,2
13,0,2026-02-03 21:09:57.266954,134,2.82,3.79,0.168,656,0.91,113,2
13,0,2026-02-03 21:14:57.266964,143,3.03,3.66,0.158,662,0.72,120,2
13,1,2026-02-03 20:29:57.266982,246,0.48,1.25,0.026,295,0.34,60,0
13,1,2026-02-03 20:34:57.266992,231,1.04,2.05,0.031,309,0.42,66,0
13,1,2026-02-03 20:39:57.267002,235,1.15,1.75,0.041,355,0.29,73,0
13,1,2026-02-03 20:44:57.267012,223,1.39,3.11,0.059,404,0.47,80,1
13,1,2026-02-03 20:49:57.267022,190,1.47,2.42,0.098,527,0.47,86,1
13,1,2026-02-03 20:54:57.267032,197,1.79,2.99,0.109,506,0.68,93,1
13,1,2026-02-03 20:59:57.267042,182,1.95,2.49,0.109,601,0.71,100,2
13,1,2026-02-03 21:04:57.267052,150,2.32,2.94,0.123,597,0.69,106,2
13,1,2026-02-03 21:09:57.267062,143,2.68,3.36,0.158,649,0.9,113,2
13,1,2026-02-03 21:14:57.267072,121,3.2,4.53,0.171,658,0.92,120,2
13,2,2026-02-03 20:29:57.267089,239,0.2,1.84,0.024,295,0.36,60,0
13,2,2026-02-03 20:34:57.267099,251,0.73,1.57,0.02,353,0.38,66,0
13,2,2026-02-03 20:39:57.267109,204,0.88,2.82,0.048,301,0.5,73,0
13,2,2026-02-03 20:44:57.267141,207,1.64,3.36,0.074,409,0.31,80,1
13,2,2026-02-03 20:49:57.267152,192,1.81,3.5,0.088,494,0.65,86,1
13,2,2026-02-03 20:54:57.267164,189,1.82,2.4,0.114,572,0.54,93,1
13,2,2026-02-03 20:59:57.267175,186,2.1,3.14,0.109,581,0.73,100,2
13,2,2026-02-03 21:04:57.267185,172,2.31,3.93,0.127,566,0.76,106,2
13,2,2026-02-03 21:09:57.267195,142,2.83,4.04,0.154,684,0.73,113,2
13,2,2026-02-03 21:14:57.267205,138,2.79,3.6,0.169,728,0.95,120,2
13,3,2026-02-03 20:29:57.267226,238,0.53,2.12,0.035,319,0.11,60,0
13,3,2026-02-03 20:34:57.267236,245,0.66,2.51,0.039,333,0.29,66,0
13,3,2026-02-03 20:39:57.267246,227,1.3,2.39,0.065,386,0.52,73,0
13,3,2026-02-03 20:44:57.267257,206,1.35,3.12,0.069,424,0.37,80,1
13,3,2026-02-03 20:49:57.267266,201,1.44,2.74,0.075,493,0.63,86,1
13,3,2026-02-03 20:54:57.267277,164,1.97,3.12,0.112,523,0.71,93,1
13,3,2026-02-03 20:59:57.267287,163,2.24,3.19,0.145,604,0.58,100,2
13,3,2026-02-03 21:04:57.267297,160,2.74,4.69,0.122,621,0.79,106,2
13,3,2026-02-03 21:09:57.267307,148,3.01,3.8,0.164,700,0.81,113,2
13,3,2026-02-03 21:14:57.267317,155,2.59,3.87,0.174,716,0.85,120,2
13,4,2026-02-03 20:29:57.267335,269,0.35,1.51,0.024,248,0.36,60,0
13,4,2026-02-03 20:34:57.267345,234,0.78,1.77,0.045,282,0.33,66,0
13,4,2026-02-03 20:39:57.267355,239,1.13,2.36,0.077,400,0.42,73,0
13,4,2026-02-03 20:44:57.267365,194,1.18,1.84,0.069,418,0.56,80,1
13,4,2026-02-03 20:49:57.267375,196,1.33,2.98,0.088,457,0.68,86,1
13,4,2026-02-03 20:54:57.267385,181,1.78,2.34,0.088,587,0.49,93,1
13,4,2026-02-03 20:59:57.267395,151,2.32,3.29,0.117,542,0.72,100,2
13,4,2026-02-03 21:04:57.267405,153,2.5,4.05,0.147,636,0.63,106,2
13,4,2026-02-03 21:09:57.267417,131,2.15,3.79,0.144,620,0.92,113,2
13,4,2026-02-03 21:14:57.267427,129,3.19,4.06,0.192,727,0.86,120,2
14,0,2026-02-03 20:29:57.267449,257,1.06,1.71,0.034,251,0.32,60,0
14,0,2026-02-03 20:34:57.267459,231,0.8,1.49,0.044,388,0.41,66,0
14,0,2026-02-03 20:39:57.267470,232,1.01,2.48,0.056,413,0.39,73,0
14,0,2026-02-03 20:44:57.267480,202,1.49,2.44,0.081,450,0.43,80,1
14,0,2026-02-03 20:49:57.267490,181,1.58,3.0,0.086,470,0.45,86,1
14,0,2026-02-03 20:54:57.267500,182,1.83,3.48,0.1,572,0.44,93,1
14,0,2026-02-03 20:59:57.267510,183,2.12,3.95,0.121,540,0.68,100,2
14,0,2026-02-03 21:04:57.267520,164,2.41,4.31,0.138,578,0.91,106,2
14,0,2026-02-03 21:09:57.267530,142,2.77,3.77,0.164,678,0.9,113,2
14,0,2026-02-03 21:14:57.267540,138,2.97,3.89,0.164,740,0.99,120,2
14,1,2026-02-03 20:29:57.267558,249,0.55,2.25,0.031,294,0.23,60,0
14,1,2026-02-03 20:34:57.267568,225,0.66,2.07,0.051,393,0.33,66,0
14,1,2026-02-03 20:39:57.267578,220,0.68,1.43,0.042,338,0.45,73,0
14,1,2026-02-03 20:44:57.267588,203,1.67,2.8,0.08,411,0.67,80,1
14,1,2026-02-03 20:49:57.267598,194,1.61,3.15,0.084,480,0.58,86,1
14,1,2026-02-03 20:54:57.267608,182,1.9,3.76,0.076,540,0.8,93,1
14,1,2026-02-03 20:59:57.267618,173,2.23,3.42,0.096,551,0.62,100,2
14,1,2026-02-03 21:04:57.267628,156,2.0,3.82,0.15,626,0.72,106,2
14,1,2026-02-03 21:09:57.267638,136,2.74,4.7,0.135,658,0.95,113,2
14,1,2026-02-03 21:14:57.267648,129,2.81,3.5,0.164,729,0.83,120,2
14,2,2026-02-03 20:29:57.267665,234,0.47,1.22,0.025,294,0.17,60,0
14,2,2026-02-03 20:34:57.267675,236,0.76,2.32,0.046,352,0.32,66,0
14,2,2026-02-03 20:39:57.267687,214,0.94,1.5,0.052,355,0.3,73,0
14,2,2026-02-03 20:44:57.267698,229,1.3,2.6,0.079,361,0.45,80,1
14,2,2026-02-03 20:49:57.267708,207,1.3,3.19,0.087,494,0.39,86,1
14,2,2026-02-03 20:54:57.267718,179,1.56,2.48,0.109,525,0.57,93,1
14,2,2026-02-03 20:59:57.267730,174,1.6,2.49,0.114,558,0.68,100,2
14,2,2026-02-03 21:04:57.267740,160,2.61,3.12,0.138,612,0.82,106,2
14,2,2026-02-03 21:09:57.267750,161,2.63,4.23,0.173,723,0.72,113,2
14,2,2026-02-03 21:14:57.267761,126,3.5,4.34,0.17,756,0.94,120,2
14,3,2026-02-03 20:29:57.267778,252,0.5,1.92,0.033,281,0.26,60,0
14,3,2026-02-03 20:34:57.267788,225,0.61,2.28,0.018,388,0.36,66,0
14,3,2026-02-03 20:39:57.267798,204,1.23,2.94,0.046,367,0.26,73,0
14,3,2026-02-03 20:44:57.267808,210,0.75,2.7,0.076,465,0.52,80,1
14,3,2026-02-03 20:49:57.267818,198,1.39,3.19,0.103,496,0.49,86,1
14,3,2026-02-03 20:54:57.267828,180,1.44,3.24,0.094,545,0.6,93,1
14,3,2026-02-03 20:59:57.267838,169,2.27,3.25,0.14,574,0.79,100,2
14,3,2026-02-03 21:04:57.267848,147,2.13,3.1,0.124,550,0.76,106,2
14,3,2026-02-03 21:09:57.267858,137,2.53,4.49,0.14,591,0.86,113,2
14,3,2026-02-03 21:14:57.267868,130,3.16,4.73,0.159,676,0.92,120,2
14,4,2026-02-03 20:29:57.267886,245,0.54,1.93,0.012,320,0.29,60,0
14,4,2026-02-03 20:34:57.267896,248,0.69,2.62,0.033,380,0.21,66,0
14,4,2026-02-03 20:39:57.267906,212,1.08,2.01,0.046,368,0.6,73,0
14,4,2026-02-03 20:44:57.267916,202,1.22,2.31,0.058,414,0.57,80,1
14,4,2026-02-03 20:49:57.267926,194,1.52,2.42,0.102,478,0.58,86,1
14,4,2026-02-03 20:54:57.267936,184,2.17,3.14,0.093,526,0.6,93,1
14,4,2026-02-03 20:59:57.267948,169,2.15,3.14,0.13,589,0.79,100,2
14,4,2026-02-03 21:04:57.267958,150,2.35,3.94,0.119,631,0.65,106,2
14,4,2026-02-03 21:09:57.267968,150,2.76,3.49,0.158,702,0.81,113,2
14,4,2026-02-03 21:14:57.267978,112,3.17,5.0,0.152,758,1.0,120,2
15,0,2026-02-03 20:29:57.267995,243,0.51,1.36,0.001,297,0.3,60,0
15,0,2026-02-03 20:34:57.268006,223,0.55,1.75,0.028,356,0.44,66,0
15,0,2026-02-03 20:39:57.268018,225,0.99,2.7,0.049,397,0.54,73,0
15,0,2026-02-03 20:44:57.268028,214,1.71,2.9,0.08,417,0.5,80,1
15,0,2026-02-03 20:49:57.268038,189,1.66,2.81,0.091,423,0.61,86,1
15,0,2026-02-03 20:54:57.268048,175,1.79,2.45,0.108,451,0.84,93,1
15,0,2026-02-03 20:59:57.268058,172,2.01,3.81,0.124,599,0.66,100,2
15,0,2026-02-03 21:04:57.268068,150,2.56,3.98,0.135,626,0.85,106,2
15,0,2026-02-03 21:09:57.268078,146,2.62,3.53,0.139,692,0.87,113,2
15,0,2026-02-03 21:14:57.268088,128,3.15,5.11,0.175,714,1.01,120,2
15,1,2026-02-03 20:29:57.268105,241,0.57,2.05,0.015,297,0.41,60,0
15,1,2026-02-03 20:34:57.268137,232,0.7,1.28,0.055,312,0.12,66,0
15,1,2026-02-03 20:39:57.268149,225,1.18,2.15,0.046,390,0.43,73,0
15,1,2026-02-03 20:44:57.268159,212,0.9,2.42,0.067,470,0.59,80,1
15,1,2026-02-03 20:49:57.268171,187,1.38,2.07,0.083,481,0.67,86,1
15,1,2026-02-03 20:54:57.268181,185,1.86,3.05,0.113,529,0.58,93,1
15,1,2026-02-03 20:59:57.268192,164,2.31,3.44,0.123,519,0.68,100,2
15,1,2026-02-03 21:04:57.268201,168,2.56,3.2,0.116,625,0.92,106,2
15,1,2026-02-03 21:09:57.268211,138,2.62,3.4,0.155,636,0.84,113,2
15,1,2026-02-03 21:14:57.268221,124,2.89,3.91,0.18,653,0.97,120,2
15,2,2026-02-03 20:29:57.268241,261,0.87,2.48,0.009,318,0.21,60,0
15,2,2026-02-03 20:34:57.268251,233,0.85,2.64,0.029,347,0.41,66,0
15,2,2026-02-03 20:39:57.268262,226,1.31,2.74,0.06,418,0.5,73,0
15,2,2026-02-03 20:44:57.268272,214,1.51,2.48,0.056,397,0.53,80,1
15,2,2026-02-03 20:49:57.268282,188,1.72,2.57,0.095,477,0.52,86,1
15,2,2026-02-03 20:54:57.268292,179,1.89,3.76,0.12,534,0.54,93,1
15,2,2026-02-03 20:59:57.268302,164,2.07,3.6,0.135,582,0.65,100,2
15,2,2026-02-03 21:04:57.268313,138,2.49,3.43,0.136,582,0.63,106,2
15,2,2026-02-03 21:09:57.268324,127,2.8,4.67,0.158,646,0.86,113,2
15,2,2026-02-03 21:14:57.268334,122,2.99,4.91,0.175,664,1.01,120,2
15,3,2026-02-03 20:29:57.268352,244,0.31,0.95,0.034,289,0.19,60,0
15,3,2026-02-03 20:34:57.268362,242,1.05,2.36,0.024,379,0.48,66,0
15,3,2026-02-03 20:39:57.268373,209,1.21,1.77,0.063,385,0.56,73,0
15,3,2026-02-03 20:44:57.268384,212,1.55,3.52,0.082,455,0.44,80,1
15,3,2026-02-03 20:49:57.268394,198,1.55,3.42,0.102,436,0.39,86,1
15,3,2026-02-03 20:54:57.268404,164,2.1,4.0,0.096,533,0.69,93,1
15,3,2026-02-03 20:59:57.268414,168,2.16,3.06,0.122,588,0.6,100,2
15,3,2026-02-03 21:04:57.268424,165,2.73,3.45,0.122,594,0.83,106,2
15,3,2026-02-03 21:09:57.268434,132,3.07,4.46,0.151,668,0.76,113,2
15,3,2026-02-03 21:14:57.268444,121,3.04,4.91,0.171,743,0.9,120,2
15,4,2026-02-03 20:29:57.268462,244,0.44,1.35,0.016,334,0.27,60,0
15,4,2026-02-03 20:34:57.268472,230,0.78,1.9,0.038,327,0.45,66,0
15,4,2026-02-03 20:39:57.268482,225,0.86,2.75,0.066,388,0.61,73,0
15,4,2026-02-03 20:44:57.268492,205,1.18,2.22,0.075,414,0.52,80,1
15,4,2026-02-03 20:49:57.268502,202,1.18,3.17,0.1,474,0.7,86,1
15,4,2026-02-03 20:54:57.268512,180,2.07,3.19,0.106,571,0.76,93,1
15,4,2026-02-03 20:59:57.268522,159,2.12,2.76,0.113,546,0.61,100,2
15,4,2026-02-03 21:04:57.268532,168,2.19,4.13,0.137,654,0.72,106,2
15,4,2026-02-03 21:09:57.268542,143,2.66,3.84,0.151,655,1.0,113,2
15,4,2026-02-03 21:14:57.268553,124,3.33,4.18,0.166,710,1.03,120,2
16,0,2026-02-03 20:29:57.268570,243,0.35,1.79,0.017,336,0.36,60,0
16,0,2026-02-03 20:34:57.268580,232,0.66,1.89,0.056,360,0.24,66,0
16,0,2026-02-03 20:39:57.268592,203,0.49,1.84,0.071,377,0.41,73,0
16,0,2026-02-03 20:44:57.268602,236,1.3,2.17,0.056,425,0.56,80,1
16,0,2026-02-03 20:49:57.268612,197,1.74,3.19,0.076,481,0.49,86,1
16,0,2026-02-03 20:54:57.268622,180,1.71,3.38,0.124,505,0.59,93,1
16,0,2026-02-03 20:59:57.268633,177,2.14,3.71,0.126,488,0.58,100,2
16,0,2026-02-03 21:04:57.268643,166,2.26,4.21,0.139,625,0.66,106,2
16,0,2026-02-03 21:09:57.268654,151,2.53,4.2,0.164,702,0.72,113,2
16,0,2026-02-03 21:14:57.268664,122,3.18,4.0,0.181,676,0.8,120,2
16,1,2026-02-03 20:29:57.268681,235,0.4,0.93,0.007,262,0.27,60,0
16,1,2026-02-03 20:34:57.268691,239,0.86,2.28,0.032,348,0.32,66,0
16,1,2026-02-03 20:39:57.268701,213,0.77,2.42,0.049,426,0.42,73,0
16,1,2026-02-03 20:44:57.268711,215,1.31,3.16,0.086,415,0.56,80,1
16,1,2026-02-03 20:49:57.268721,200,1.68,2.61,0.088,442,0.75,86,1
16,1,2026-02-03 20:54:57.268731,193,1.9,3.8,0.101,552,0.69,93,1
16,1,2026-02-03 20:59:57.268741,170,2.11,3.3,0.112,566,0.7,100,2
16,1,2026-02-03 21:04:57.268751,176,2.43,3.15,0.153,579,0.81,106,2
16,1,2026-02-03 21:09:57.268761,146,2.91,3.65,0.154,672,0.85,113,2
16,1,2026-02-03 21:14:57.268771,123,3.15,4.88,0.164,700,0.94,120,2
16,2,2026-02-03 20:29:57.268787,266,0.44,1.14,0.04,360,0.28,60,0
16,2,2026-02-03 20:34:57.268798,228,0.89,1.58,0.033,328,0.4,66,0
16,2,2026-02-03 20:39:57.268808,208,1.31,2.99,0.06,350,0.51,73,0
16,2,2026-02-03 20:44:57.268818,200,1.39,2.08,0.08,397,0.47,80,1
16,2,2026-02-03 20:49:57.268828,206,1.77,2.43,0.1,478,0.57,86,1
16,2,2026-02-03 20:54:57.268839,190,1.9,2.99,0.11,521,0.75,93,1
16,2,2026-02-03 20:59:57.268850,159,1.53,3.3,0.117,601,0.69,100,2
16,2,2026-02-03 21:04:57.268860,135,2.14,3.83,0.141,548,0.75,106,2
16,2,2026-02-03 21:09:57.268872,140,2.64,4.56,0.144,639,0.64,113,2
16,2,2026-02-03 21:14:57.268882,126,2.99,4.31,0.169,638,0.97,120,2
16,3,2026-02-03 20:29:57.268899,255,0.49,1.56,0.011,275,0.46,60,0
16,3,2026-02-03 20:34:57.268909,234,0.91,1.44,0.027,387,0.32,66,0
16,3,2026-02-03 20:39:57.268919,230,0.67,1.48,0.05,401,0.4,73,0
16,3,2026-02-03 20:44:57.268929,218,1.15,3.01,0.082,428,0.48,80,1
16,3,2026-02-03 20:49:57.268940,188,1.61,2.4,0.093,471,0.4,86,1
16,3,2026-02-03 20:54:57.268950,186,2.09,4.07,0.116,548,0.51,93,1
16,3,2026-02-03 20:59:57.268959,175,2.29,3.55,0.112,552,0.62,100,2
16,3,2026-02-03 21:04:57.268969,142,2.49,3.11,0.153,631,0.75,106,2
16,3,2026-02-03 21:09:57.268979,154,2.83,4.03,0.145,646,0.86,113,2
16,3,2026-02-03 21:14:57.268989,133,3.01,4.24,0.157,715,0.91,120,2
16,4,2026-02-03 20:29:57.269006,261,0.97,1.55,0.013,312,0.27,60,0
16,4,2026-02-03 20:34:57.269016,239,0.57,1.63,0.028,342,0.2,66,0
16,4,2026-02-03 20:39:57.269026,225,1.05,1.63,0.048,393,0.44,73,0
16,4,2026-02-03 20:44:57.269036,222,1.85,2.61,0.081,415,0.4,80,1
16,4,2026-02-03 20:49:57.269046,183,1.7,2.37,0.093,496,0.49,86,1
16,4,2026-02-03 20:54:57.269056,179,1.98,3.44,0.095,496,0.68,93,1
16,4,2026-02-03 20:59:57.269066,176,2.07,2.88,0.122,553,0.77,100,2
16,4,2026-02-03 21:04:57.269076,154,2.31,4.23,0.139,586,0.64,106,2
16,4,2026-02-03 21:09:57.269086,137,2.7,3.94,0.151,626,0.95,113,2
16,4,2026-02-03 21:14:57.269096,123,2.91,3.96,0.174,669,0.86,120,2
17,0,2026-02-03 20:29:57.269113,256,0.69,1.48,0.012,291,0.21,60,0
17,0,2026-02-03 20:34:57.269123,239,1.04,2.91,0.018,306,0.39,66,0
17,0,2026-02-03 20:39:57.269140,233,0.98,2.45,0.062,399,0.44,73,0
17,0,2026-02-03 20:44:57.269152,201,1.51,2.92,0.078,446,0.45,80,1
17,0,2026-02-03 20:49:57.269163,192,1.66,2.86,0.082,447,0.56,86,1
17,0,2026-02-03 20:54:57.269173,180,2.32,3.82,0.112,508,0.69,93,1
17,0,2026-02-03 20:59:57.269183,170,2.41,4.38,0.117,548,0.56,100,2
17,0,2026-02-03 21:04:57.269193,169,2.89,4.37,0.149,588,0.63,106,2
17,0,2026-02-03 21:09:57.269203,139,2.81,4.55,0.169,666,0.74,113,2
17,0,2026-02-03 21:14:57.269213,136,3.21,4.36,0.172,698,0.95,120,2
17,1,2026-02-03 20:29:57.269233,246,0.29,2.22,0.028,288,0.27,60,0
17,1,2026-02-03 20:34:57.269245,244,0.82,1.79,0.033,335,0.51,66,0
17,1,2026-02-03 20:39:57.269255,238,1.04,2.11,0.033,360,0.48,73,0
17,1,2026-02-03 20:44:57.269265,187,1.23,2.52,0.081,397,0.59,80,1
17,1,2026-02-03 20:49:57.269275,199,1.58,3.17,0.105,506,0.58,86,1
17,1,2026-02-03 20:54:57.269285,179,2.49,3.53,0.11,518,0.69,93,1
17,1,2026-02-03 20:59:57.269295,163,2.16,2.72,0.123,620,0.54,100,2
17,1,2026-02-03 21:04:57.269306,157,2.3,3.08,0.142,557,0.73,106,2
17,1,2026-02-03 21:09:57.269318,150,2.47,3.95,0.15,692,0.82,113,2
17,1,2026-02-03 21:14:57.269328,126,3.01,4.57,0.173,700,0.88,120,2
17,2,2026-02-03 20:29:57.269347,250,0.4,2.28,0.02,314,0.37,60,0
17,2,2026-02-03 20:34:57.269357,236,0.68,1.88,0.039,338,0.21,66,0
17,2,2026-02-03 20:39:57.269368,246,0.81,1.85,0.053,351,0.48,73,0
17,2,2026-02-03 20:44:57.269378,219,1.44,3.31,0.068,455,0.55,80,1
17,2,2026-02-03 20:49:57.269388,203,2.09,2.63,0.084,429,0.66,86,1
17,2,2026-02-03 20:54:57.269398,203,1.71,3.06,0.113,517,0.55,93,1
17,2,2026-02-03 20:59:57.269407,178,2.38,4.37,0.12,512,0.63,100,2
17,2,2026-02-03 21:04:57.269418,137,2.53,4.35,0.145,621,0.74,106,2
17,2,2026-02-03 21:09:57.269429,131,2.5,3.77,0.163,643,0.71,113,2
17,2,2026-02-03 21:14:57.269439,125,2.62,4.49,0.158,700,1.06,120,2
17,3,2026-02-03 20:29:57.269456,249,0.56,1.15,0.016,251,0.22,60,0
17,3,2026-02-03 20:34:57.269466,245,1.1,3.01,0.043,345,0.47,66,0
17,3,2026-02-03 20:39:57.269477,226,1.35,2.68,0.036,395,0.44,73,0
17,3,2026-02-03 20:44:57.269487,205,1.43,2.66,0.07,435,0.43,80,1
17,3,2026-02-03 20:49:57.269497,178,1.47,3.33,0.091,441,0.52,86,1
17,3,2026-02-03 20:54:57.269507,182,1.63,3.16,0.095,499,0.64,93,1
17,3,2026-02-03 20:59:57.269517,180,2.27,3.74,0.12,590,0.71,100,2
17,3,2026-02-03 21:04:57.269527,146,2.49,3.71,0.127,609,0.63,106,2
17,3,2026-02-03 21:09:57.269537,141,2.83,3.97,0.161,702,0.76,113,2
17,3,2026-02-03 21:14:57.269547,113,2.93,3.47,0.161,720,0.83,120,2
17,4,2026-02-03 20:29:57.269565,247,0.5,1.13,0.026,320,0.27,60,0
17,4,2026-02-03 20:34:57.269575,238,0.88,2.58,0.041,296,0.37,66,0
17,4,2026-02-03 20:39:57.269588,228,1.2,3.17,0.049,372,0.5,73,0
17,4,2026-02-03 20:44:57.269598,203,1.25,3.01,0.081,460,0.51,80,1
17,4,2026-02-03 20:49:57.269608,195,1.57,3.07,0.086,507,0.44,86,1
17,4,2026-02-03 20:54:57.269618,187,1.88,2.51,0.086,526,0.93,93,1
17,4,2026-02-03 20:59:57.269629,168,1.94,2.94,0.146,586,0.61,100,2
17,4,2026-02-03 21:04:57.269639,170,2.25,3.62,0.131,598,0.67,106,2
17,4,2026-02-03 21:09:57.269650,148,3.08,4.16,0.169,595,0.88,113,2
17,4,2026-02-03 21:14:57.269660,132,2.84,4.19,0.156,688,0.92,120,2
18,0,2026-02-03 20:29:57.269678,240,0.85,2.06,0.018,343,0.21,60,0
18,0,2026-02-03 20:34:57.269687,221,0.86,1.77,0.043,334,0.32,66,0
18,0,2026-02-03 20:39:57.269698,224,1.21,2.51,0.036,425,0.44,73,0
18,0,2026-02-03 20:44:57.269708,223,1.48,2.44,0.071,444,0.55,80,1
18,0,2026-02-03 20:49:57.269719,199,1.51,2.31,0.087,407,0.51,86,1
18,0,2026-02-03 20:54:57.269729,186,1.81,3.12,0.078,509,0.67,93,1
18,0,2026-02-03 20:59:57.269739,176,2.36,3.69,0.113,616,0.74,100,2
18,0,2026-02-03 21:04:57.269749,147,2.89,3.9,0.141,616,0.85,106,2
18,0,2026-02-03 21:09:57.269759,142,2.55,4.18,0.153,699,0.8,113,2
18,0,2026-02-03 21:14:57.269769,135,3.18,5.02,0.168,724,0.94,120,2
18,1,2026-02-03 20:29:57.269788,240,0.39,1.25,0.005,284,0.22,60,0
18,1,2026-02-03 20:34:57.269798,232,0.9,2.06,0.019,382,0.29,66,0
18,1,2026-02-03 20:39:57.269808,226,1.14,2.14,0.047,402,0.4,73,0
18,1,2026-02-03 20:44:57.269818,201,1.21,1.8,0.077,393,0.57,80,1
18,1,2026-02-03 20:49:57.269828,209,2.13,3.61,0.092,466,0.68,86,1
18,1,2026-02-03 20:54:57.269838,172,2.01,2.62,0.083,502,0.7,93,1
18,1,2026-02-03 20:59:57.269848,180,2.29,3.63,0.128,603,0.81,100,2
18,1,2026-02-03 21:04:57.269858,151,2.56,4.18,0.119,566,0.67,106,2
18,1,2026-02-03 21:09:57.269868,156,2.69,4.58,0.173,672,0.91,113,2
18,1,2026-02-03 21:14:57.269878,120,3.06,4.18,0.173,696,0.81,120,2
18,2,2026-02-03 20:29:57.269896,242,0.3,1.96,0.039,256,0.27,60,0
18,2,2026-02-03 20:34:57.269906,230,0.74,1.58,0.05,338,0.42,66,0
18,2,2026-02-03 20:39:57.269916,225,0.82,2.74,0.055,359,0.43,73,0
18,2,2026-02-03 20:44:57.269926,221,1.01,2.35,0.063,417,0.47,80,1
18,2,2026-02-03 20:49:57.269936,199,1.85,3.85,0.077,448,0.54,86,1
18,2,2026-02-03 20:54:57.269946,180,2.07,3.93,0.097,511,0.71,93,1
18,2,2026-02-03 20:59:57.269956,159,2.25,3.39,0.13,539,0.73,100,2
18,2,2026-02-03 21:04:57.269966,156,2.41,3.63,0.132,551,0.77,106,2
18,2,2026-02-03 21:09:57.269976,149,2.8,4.71,0.157,666,0.96,113,2
18,2,2026-02-03 21:14:57.269986,131,2.83,3.81,0.154,645,0.87,120,2
18,3,2026-02-03 20:29:57.270005,249,0.52,1.17,0.013,301,0.28,60,0
18,3,2026-02-03 20:34:57.270015,233,0.29,1.99,0.024,329,0.53,66,0
18,3,2026-02-03 20:39:57.270024,210,0.83,2.49,0.052,432,0.4,73,0
18,3,2026-02-03 20:44:57.270035,204,1.3,2.58,0.089,451,0.44,80,1
18,3,2026-02-03 20:49:57.270045,190,1.49,3.0,0.094,473,0.57,86,1
18,3,2026-02-03 20:54:57.270055,174,1.81,3.24,0.093,482,0.42,93,1
18,3,2026-02-03 20:59:57.270065,163,2.2,3.04,0.131,522,0.75,100,2
18,3,2026-02-03 21:04:57.270075,154,2.32,4.18,0.139,554,0.8,106,2
18,3,2026-02-03 21:09:57.270085,131,2.64,4.01,0.153,673,0.85,113,2
18,3,2026-02-03 21:14:57.270095,122,3.18,4.33,0.166,684,0.85,120,2
18,4,2026-02-03 20:29:57.270112,242,0.68,2.33,0.014,268,0.37,60,0
18,4,2026-02-03 20:34:57.270122,236,0.58,1.84,0.033,372,0.36,66,0
18,4,2026-02-03 20:39:57.270142,221,1.19,2.43,0.039,376,0.3,73,0
18,4,2026-02-03 20:44:57.270152,217,1.42,2.64,0.074,443,0.49,80,1
18,4,2026-02-03 20:49:57.270163,190,1.48,2.42,0.083,443,0.59,86,1
18,4,2026-02-03 20:54:57.270173,190,2.02,2.59,0.102,531,0.49,93,1
18,4,2026-02-03 20:59:57.270183,165,2.19,3.29,0.133,596,0.56,100,2
18,4,2026-02-03 21:04:57.270193,167,2.41,3.1,0.128,610,0.83,106,2
18,4,2026-02-03 21:09:57.270203,154,2.57,3.82,0.163,638,0.87,113,2
18,4,2026-02-03 21:14:57.270213,138,3.02,4.66,0.164,688,0.85,120,2
19,0,2026-02-03 20:29:57.270233,248,0.83,2.0,0.026,236,0.42,60,0
19,0,2026-02-03 20:34:57.270243,247,0.79,1.89,0.043,348,0.41,66,0
19,0,2026-02-03 20:39:57.270255,216,0.98,2.74,0.067,352,0.29,73,0
19,0,2026-02-03 20:44:57.270265,208,1.21,2.33,0.071,367,0.66,80,1
19,0,2026-02-03 20:49:57.270275,203,1.72,3.38,0.094,479,0.6,86,1
19,0,2026-02-03 20:54:57.270286,186,1.76,2.97,0.086,515,0.62,93,1
19,0,2026-02-03 20:59:57.270298,171,2.31,3.81,0.117,586,0.66,100,2
19,0,2026-02-03 21:04:57.270308,157,2.53,4.18,0.132,573,0.62,106,2
19,0,2026-02-03 21:09:57.270318,135,2.59,3.47,0.147,681,0.84,113,2
19,0,2026-02-03 21:14:57.270328,116,2.92,3.54,0.175,738,0.83,120,2
19,1,2026-02-03 20:29:57.270347,263,0.54,2.48,0.025,339,0.24,60,0
19,1,2026-02-03 20:34:57.270357,236,0.77,1.5,0.038,307,0.46,66,0
19,1,2026-02-03 20:39:57.270367,240,1.39,2.56,0.048,410,0.6,73,0
19,1,2026-02-03 20:44:57.270377,186,1.56,2.65,0.076,404,0.54,80,1
19,1,2026-02-03 20:49:57.270388,194,1.74,3.33,0.097,476,0.64,86,1
19,1,2026-02-03 20:54:57.270398,183,1.52,2.2,0.072,503,0.71,93,1
19,1,2026-02-03 20:59:57.270408,170,2.3,3.82,0.116,576,0.66,100,2
19,1,2026-02-03 21:04:57.270418,157,2.2,2.97,0.137,581,0.57,106,2
19,1,2026-02-03 21:09:57.270428,136,2.76,4.02,0.156,617,0.92,113,2
19,1,2026-02-03 21:14:57.270438,150,2.83,4.48,0.182,680,0.63,120,2
19,2,2026-02-03 20:29:57.270455,261,0.81,1.77,0.022,315,0.27,60,0
19,2,2026-02-03 20:34:57.270466,227,1.01,1.58,0.04,356,0.34,66,0
19,2,2026-02-03 20:39:57.270476,224,1.15,2.04,0.058,379,0.6,73,0
19,2,2026-02-03 20:44:57.270489,203,1.3,2.09,0.078,460,0.5,80,1
19,2,2026-02-03 20:49:57.270499,203,1.96,3.82,0.088,446,0.54,86,1
19,2,2026-02-03 20:54:57.270509,193,1.73,2.65,0.103,533,0.62,93,1
19,2,2026-02-03 20:59:57.270520,166,1.81,3.32,0.119,529,0.76,100,2
19,2,2026-02-03 21:04:57.270530,160,2.74,3.43,0.148,588,0.85,106,2
19,2,2026-02-03 21:09:57.270540,144,2.78,4.41,0.15,611,0.97,113,2
19,2,2026-02-03 21:14:57.270550,135,2.94,4.67,0.175,615,1.04,120,2
19,3,2026-02-03 20:29:57.270568,257,0.15,1.74,0.038,263,0.41,60,0
19,3,2026-02-03 20:34:57.270579,246,0.44,1.3,0.034,374,0.36,66,0
19,3,2026-02-03 20:39:57.270589,237,0.92,1.57,0.056,388,0.36,73,0
19,3,2026-02-03 20:44:57.270599,216,1.02,2.13,0.07,454,0.57,80,1
19,3,2026-02-03 20:49:57.270609,179,1.88,3.13,0.098,539,0.7,86,1
19,3,2026-02-03 20:54:57.270619,147,1.98,3.29,0.099,533,0.58,93,1
19,3,2026-02-03 20:59:57.270629,160,2.1,3.38,0.114,544,0.53,100,2
19,3,2026-02-03 21:04:57.270639,142,2.4,3.16,0.151,613,0.59,106,2
19,3,2026-02-03 21:09:57.270649,146,2.51,3.86,0.156,659,0.78,113,2
19,3,2026-02-03 21:14:57.270660,126,3.13,5.09,0.167,696,0.96,120,2
19,4,2026-02-03 20:29:57.270677,249,0.46,1.03,0.001,316,0.54,60,0
19,4,2026-02-03 20:34:57.270687,231,0.85,2.0,0.045,347,0.26,66,0
19,4,2026-02-03 20:39:57.270697,231,1.14,1.88,0.057,398,0.41,73,0
19,4,2026-02-03 20:44:57.270708,213,1.28,2.61,0.076,420,0.67,80,1
19,4,2026-02-03 20:49:57.270718,188,1.49,2.99,0.083,405,0.43,86,1
19,4,2026-02-03 20:54:57.270729,172,1.91,2.45,0.107,552,0.61,93,1
19,4,2026-02-03 20:59:57.270764,164,2.11,3.75,0.133,625,0.58,100,2
19,4,2026-02-03 21:04:57.270785,161,3.06,3.99,0.139,599,0.79,106,2
19,4,2026-02-03 21:09:57.270797,143,2.53,3.27,0.131,649,0.74,113,2
19,4,2026-02-03 21:14:57.270808,133,2.67,4.5,0.165,684,0.99,120,2
